TS,Buffer,Freezing,QoE1,QoE2,Representation,Response,ChunkID
1457074801,4.986169815,0,3.526397127,2.052794254,3,0.013786077,0
1457074801,9.893244028,0,4.999953606,4.999907212,9,0.092789888,1
1457074802,14.82570386,0,4.999953606,4.999907212,9,0.067406178,2
1457074840,0,18.25904107,2.662986436,0,9,38.08460498,3
1457074846,0,1.402197123,1.599990474,0.066241561,1,6.402080059,4
1457074849,1.892344236,0,2.567247996,0.134495992,1,3.107453823,5
1457074855,1.089886189,0,2.567247996,0.134495992,1,5.802320004,6
1457074861,0,0.021224976,2.500963941,0.114712489,1,6.110995054,7
1457074871,0,4.532552958,0.963158777,0.031981037,1,9.532423019,8
1457074882,0,5.932555914,0.809739551,0.023727329,1,10.93238091,9
1457074890,0,3.198758125,1.161858976,0.042670789,1,8.198506117,10
1457074890,4.339558125,0,2.567247996,0.134495992,1,0.660284996,11
1457074891,8.513212204,0,3.132872367,1.265744734,2,0.826215982,12
1457074939,0,33.93673301,1.21142524,0,4,47.44984508,13
1457074946,0,2.433874846,1.314028439,0.050857262,1,7.43370986,14
1457074956,0,4.696490049,0.942826901,0.030887215,1,9.696388006,15
1457074963,0,2.189904928,1.371328278,0.053939902,1,7.189767838,16
1457074963,4.514605999,0,2.567247996,0.134495992,1,0.48526001,17
1457074972,0.748171806,0,3.132872367,1.265744734,2,8.766324043,18
1457074974,3.912115812,0,2.567247996,0.134495992,1,1.835947037,19
1457074978,5.326457977,0,2.567247996,0.134495992,1,3.585509062,20
1457074988,0.43127799,0,2.567247996,0.134495992,1,9.89508605,21
1457074997,0,4.380465031,0.98269506,0.033032058,1,9.811640978,22
1457075008,0,5.587029934,0.843766658,0.025557932,1,10.58690786,23
1457075014,0,1.162372112,1.688511986,0.071003877,1,6.162260056,24
1457075014,4.991008043,0,2.567247996,0.134495992,1,0.008882999,25
1457075103,0,78.42576098,2.178940362,0,9,88.41669488,26
1457075103,4.990520954,0,2.567247996,0.134495992,1,0.009282112,27
1457075103,9.890906096,0,4.999953606,4.999907212,9,0.099489927,28
1457075103,14.78473592,0,4.999953606,4.999907212,9,0.1060431,29
1457075103,19.63849998,0,4.999953606,4.999907212,9,0.146117926,30
1457075103,24.53416204,0,4.999953606,4.999907212,9,0.104210854,31
1457075103,29.36195087,0,4.999953606,4.999907212,9,0.172062159,32
1457075108,29.9294951,0,4.999953606,4.999907212,9,0.065864801,33
1457075113,29.95522308,0,4.999953606,4.999907212,9,0.039602995,34
1457075118,29.90219498,0,4.999953606,4.999907212,9,0.092648029,35
1457075123,29.92863107,0,4.999953606,4.999907212,9,0.066165924,36
1457075128,29.92178893,0,4.999953606,4.999907212,9,0.073004007,37
1457075133,29.92509604,0,4.999953606,4.999907212,9,0.069777966,38
1457075138,29.87396789,0,4.999953606,4.999907212,9,0.120819092,39
1457075143,29.94039106,0,4.999953606,4.999907212,9,0.054445982,40
1457075148,29.94203901,0,4.999953606,4.999907212,9,0.052766085,41
1457075153,29.90749693,0,4.999953606,4.999907212,9,0.087346077,42
1457075158,29.92790604,0,4.999953606,4.999907212,9,0.066824913,43
1457075163,29.93263793,0,4.999953606,4.999907212,9,0.062186956,44
1457075168,29.90805697,0,4.999953606,4.999907212,9,0.086760998,45
1457075173,29.93657804,0,4.999953606,4.999907212,9,0.058277845,46
1457075178,29.95545793,0,4.999953606,4.999907212,9,0.039407969,47
1457075183,29.90327406,0,4.999953606,4.999907212,9,0.091529846,48
1457075188,29.90595889,0,4.999953606,4.999907212,9,0.088879108,49
1457075193,29.93621206,0,4.999953606,4.999907212,9,0.058637857,50
1457075198,29.9370079,0,4.999953606,4.999907212,9,0.057804108,51
1457075203,29.92332387,0,4.999953606,4.999907212,9,0.071490049,52
1457075208,29.93650508,0,4.999953606,4.999907212,9,0.058241844,53
1457075213,29.91504693,0,4.999953606,4.999907212,9,0.079705954,54
1457075218,29.8935411,0,4.999953606,4.999907212,9,0.101274967,55
1457075223,29.92559695,0,4.999953606,4.999907212,9,0.069242001,56
1457075228,29.97349405,0,4.999953606,4.999907212,9,0.02132082,57
1457075233,29.93418193,0,4.999953606,4.999907212,9,0.060599089,58
1457075238,29.94343305,0,4.999953606,4.999907212,9,0.051403999,59
1457075243,29.8398819,0,4.999953606,4.999907212,9,0.154898167,60
1457075248,29.92175198,0,4.999953606,4.999907212,9,0.073127031,61
1457075253,29.92596698,0,4.999953606,4.999907212,9,0.068852901,62
1457075258,29.93399,0,4.999953606,4.999907212,9,0.060693979,63
1457075263,29.94691205,0,4.999953606,4.999907212,9,0.04786396,64
1457075268,29.94966006,0,4.999953606,4.999907212,9,0.045104027,65
1457075273,29.95595002,0,4.999953606,4.999907212,9,0.038815975,66
1457075278,29.91880202,0,4.999953606,4.999907212,9,0.075996876,67
1457075283,29.93583298,0,4.999953606,4.999907212,9,0.058960915,68
1457075288,29.92649102,0,4.999953606,4.999907212,9,0.068242073,69
1457075293,29.92825294,0,4.999953606,4.999907212,9,0.066529989,70
1457075298,29.93095398,0,4.999953606,4.999907212,9,0.063826084,71
1457075303,29.92043805,0,4.999953606,4.999907212,9,0.074347019,72
1457075308,29.93155789,0,4.999953606,4.999907212,9,0.063275099,73
1457075313,29.93132305,0,4.999953606,4.999907212,9,0.063486814,74
1457075318,29.93608403,0,4.999953606,4.999907212,9,0.058755875,75
1457075323,29.94867706,0,4.999953606,4.999907212,9,0.046116829,76
1457075328,29.96059108,0,4.999953606,4.999907212,9,0.034197807,77
1457075333,29.92772698,0,4.999953606,4.999907212,9,0.06705308,78
1457075338,29.95598793,0,4.999953606,4.999907212,9,0.038825035,79
1457075343,29.93982506,0,4.999953606,4.999907212,9,0.054980993,80
1457075348,29.95971894,0,4.999953606,4.999907212,9,0.035104036,81
1457075353,29.9413619,0,4.999953606,4.999907212,9,0.053405046,82
1457075358,29.94885302,0,4.999953606,4.999907212,9,0.04598403,83
1457075363,29.90597296,0,4.999953606,4.999907212,9,0.08881712,84
1457075368,29.93136191,0,4.999953606,4.999907212,9,0.063472986,85
1457075373,29.92222691,0,4.999953606,4.999907212,9,0.072641134,86
1457075378,29.95819592,0,4.999953606,4.999907212,9,0.036638021,87
1457075383,29.9373219,0,4.999953606,4.999907212,9,0.057430029,88
1457075388,29.96336603,0,4.999953606,4.999907212,9,0.0314219,89
1457075393,29.96010399,0,4.999953606,4.999907212,9,0.034684896,90
1457075398,29.91561389,0,4.999953606,4.999907212,9,0.079208136,91
1457075403,29.87228203,0,4.999953606,4.999907212,9,0.122562885,92
1457075408,29.86532402,0,4.999953606,4.999907212,9,0.129554987,93
1457075413,29.95570993,0,4.999953606,4.999907212,9,0.039144039,94
1457075418,29.93934393,0,4.999953606,4.999907212,9,0.055423975,95
1457075423,29.96995902,0,4.999953606,4.999907212,9,0.024814844,96
1457075428,29.96514106,0,4.999953606,4.999907212,9,0.029601812,97
1457075433,29.95058894,0,4.999953606,4.999907212,9,0.044162989,98
1457075438,29.94713688,0,4.999953606,4.999907212,9,0.047626019,99
1457075443,29.89524198,0,4.999953606,4.999907212,9,0.099509001,100
1457075448,29.90317798,0,4.999953606,4.999907212,9,0.091583014,101
1457075453,29.920228,0,4.999953606,4.999907212,9,0.07463789,102
1457075458,29.92728901,0,4.999953606,4.999907212,9,0.067504883,103
1457075463,29.93292308,0,4.999953606,4.999907212,9,0.061929941,104
1457075468,29.93967104,0,4.999953606,4.999907212,9,0.055134058,105
1457075473,29.94228387,0,4.999953606,4.999907212,9,0.052502155,106
1457075478,29.94444299,0,4.999953606,4.999907212,9,0.050345898,107
1457075483,29.92601609,0,4.999953606,4.999907212,9,0.068774939,108
1457075488,29.93821907,0,4.999953606,4.999907212,9,0.056594849,109
1457075493,29.93083096,0,4.999953606,4.999907212,9,0.064032078,110
1457075498,29.91449094,0,4.999953606,4.999907212,9,0.080255032,111
1457075503,29.93378496,0,4.999953606,4.999907212,9,0.060976028,112
1457075508,29.94680905,0,4.999953606,4.999907212,9,0.048012018,113
1457075513,29.96736908,0,4.999953606,4.999907212,9,0.027431965,114
1457075518,29.96266389,0,4.999953606,4.999907212,9,0.032132149,115
1457075523,29.97713804,0,4.999953606,4.999907212,9,0.017417908,116
1457075528,29.973665,0,4.999953606,4.999907212,9,0.021121979,117
1457075533,29.95250106,0,4.999953606,4.999907212,9,0.042260885,118
1457075538,29.97920704,0,4.999953606,4.999907212,9,0.015595913,119
1457075543,4.978764057,0,3.793976899,2.587953799,4,0.021204948,0
1457075543,9.916707039,0,4.999953606,4.999907212,9,0.061957121,1
1457075543,14.86678219,0,4.999953606,4.999907212,9,0.049824953,2
1457075543,19.84155512,0,4.999953606,4.999907212,9,0.02513504,3
1457075543,24.78543901,0,4.999953606,4.999907212,9,0.056012154,4
1457075543,29.73785305,0,4.999953606,4.999907212,9,0.047473907,5
1457075548,29.9400351,0,4.999953606,4.999907212,9,0.054816961,6
1457075553,29.96687198,0,4.999953606,4.999907212,9,0.027949095,7
1457075558,29.95166111,0,4.999953606,4.999907212,9,0.043138981,8
1457075563,29.94383717,0,4.999953606,4.999907212,9,0.050947905,9
1457075568,29.90924096,0,4.999953606,4.999907212,9,0.085490227,10
1457075573,29.97258401,0,4.999953606,4.999907212,9,0.022187948,11
1457075578,29.93903112,0,4.999953606,4.999907212,9,0.055733919,12
1457075583,29.92314601,0,4.999953606,4.999907212,9,0.071616173,13
1457075588,29.94615006,0,4.999953606,4.999907212,9,0.048692942,14
1457075593,29.90526509,0,4.999953606,4.999907212,9,0.089538097,15
1457075598,29.94490409,0,4.999953606,4.999907212,9,0.049896002,16
1457075603,29.95590997,0,4.999953606,4.999907212,9,0.038872004,17
1457075608,29.95988607,0,4.999953606,4.999907212,9,0.034888029,18
1457075613,29.9612,0,4.999953606,4.999907212,9,0.033579111,19
1457075618,29.93251514,0,4.999953606,4.999907212,9,0.062237024,20
1457075623,29.94134212,0,4.999953606,4.999907212,9,0.053457022,21
1457075628,29.891469,0,4.999953606,4.999907212,9,0.103304148,22
1457075633,29.90194702,0,4.999953606,4.999907212,9,0.092929125,23
1457075638,29.94051504,0,4.999953606,4.999907212,9,0.054341078,24
1457075643,29.94608116,0,4.999953606,4.999907212,9,0.048679829,25
1457075648,29.93873096,0,4.999953606,4.999907212,9,0.056097031,26
1457075653,29.92557311,0,4.999953606,4.999907212,9,0.069221973,27
1457075658,29.93352509,0,4.999953606,4.999907212,9,0.061228991,28
1457075663,29.946769,0,4.999953606,4.999907212,9,0.048034191,29
1457075668,29.90624905,0,4.999953606,4.999907212,9,0.088522911,30
1457075673,29.94373107,0,4.999953606,4.999907212,9,0.051060915,31
1457075678,29.91635513,0,4.999953606,4.999907212,9,0.078462839,32
1457075683,29.94268012,0,4.999953606,4.999907212,9,0.052127838,33
1457075688,29.95938706,0,4.999953606,4.999907212,9,0.035284042,34
1457075693,29.92603517,0,4.999953606,4.999907212,9,0.068735838,35
1457075698,29.92098212,0,4.999953606,4.999907212,9,0.073819876,36
1457075703,29.91837811,0,4.999953606,4.999907212,9,0.076468945,37
1457075708,29.93198013,0,4.999953606,4.999907212,9,0.062877893,38
1457075713,29.92659616,0,4.999953606,4.999907212,9,0.068214893,39
1457075718,29.95562196,0,4.999953606,4.999907212,9,0.039196014,40
1457075723,29.95169401,0,4.999953606,4.999907212,9,0.043104172,41
1457075728,29.91409612,0,4.999953606,4.999907212,9,0.080673933,42
1457075733,29.92928505,0,4.999953606,4.999907212,9,0.06558013,43
1457075738,29.93670416,0,4.999953606,4.999907212,9,0.05813098,44
1457075743,29.90452814,0,4.999953606,4.999907212,9,0.090294838,45
1457075748,29.95641112,0,4.999953606,4.999907212,9,0.038459063,46
1457075753,29.95533895,0,4.999953606,4.999907212,9,0.03947401,47
1457075758,29.70041299,0,4.999953606,4.999907212,9,0.294392109,48
1457075763,29.71150017,0,4.999953606,4.999907212,9,0.283557892,49
1457075768,29.90303111,0,4.999953606,4.999907212,9,0.092037916,50
1457075773,29.89934611,0,4.999953606,4.999907212,9,0.095497847,51
1457075778,29.90781403,0,4.999953606,4.999907212,9,0.087010145,52
1457075783,29.90191817,0,4.999953606,4.999907212,9,0.092948914,53
1457075788,29.71848011,0,4.999953606,4.999907212,9,0.276337862,54
1457075793,29.70756412,0,4.999953606,4.999907212,9,0.287452936,55
1457075798,29.472965,0,4.999953606,4.999907212,9,0.522011995,56
1457075803,29.93330002,0,4.999953606,4.999907212,9,0.061958075,57
1457075808,29.90540504,0,4.999953606,4.999907212,9,0.089124918,58
1457075813,29.92306399,0,4.999953606,4.999907212,9,0.071765184,59
1457075818,29.45838809,0,4.999953606,4.999907212,9,0.536386013,60
1457075823,29.72477198,0,4.999953606,4.999907212,9,0.275030136,61
1457075828,29.46726418,0,4.999953606,4.999907212,9,0.527742863,62
1457075833,29.72487712,0,4.999953606,4.999907212,9,0.27037406,63
1457075838,29.65809798,0,4.999953606,4.999907212,9,0.336919069,64
1457075843,29.67993617,0,4.999953606,4.999907212,9,0.315126896,65
1457075848,29.93173814,0,4.999953606,4.999907212,9,0.063346863,66
1457075853,29.93989301,0,4.999953606,4.999907212,9,0.054696083,67
1457075858,29.93849301,0,4.999953606,4.999907212,9,0.056328058,68
1457075863,29.91371608,0,4.999953606,4.999907212,9,0.08105588,69
1457075868,29.89677715,0,4.999953606,4.999907212,9,0.098030806,70
1457075873,29.70212913,0,4.999953606,4.999907212,9,0.292728901,71
1457075878,29.89008617,0,4.999953606,4.999907212,9,0.104921818,72
1457075883,29.92952204,0,4.999953606,4.999907212,9,0.065355062,73
1457075888,29.91099215,0,4.999953606,4.999907212,9,0.083525896,74
1457075893,29.912431,0,4.999953606,4.999907212,9,0.082376003,75
1457075898,29.93935013,0,4.999953606,4.999907212,9,0.055467844,76
1457075903,29.95613503,0,4.999953606,4.999907212,9,0.038646936,77
1457075908,29.93476009,0,4.999953606,4.999907212,9,0.060005903,78
1457075913,29.92198706,0,4.999953606,4.999907212,9,0.072776079,79
1457075918,29.9363811,0,4.999953606,4.999907212,9,0.058456898,80
1457075923,29.93777108,0,4.999953606,4.999907212,9,0.057010889,81
1457075928,29.93733096,0,4.999953606,4.999907212,9,0.057310104,82
1457075933,29.92182112,0,4.999953606,4.999907212,9,0.072970867,83
1457075938,29.47057509,0,4.999953606,4.999907212,9,0.524224997,84
1457075943,29.90346503,0,4.999953606,4.999907212,9,0.091797113,85
1457075948,29.71613503,0,4.999953606,4.999907212,9,0.278438091,86
1457075953,29.93035412,0,4.999953606,4.999907212,9,0.064684868,87
1457075958,29.91197014,0,4.999953606,4.999907212,9,0.082857847,88
1457075963,29.92756605,0,4.999953606,4.999907212,9,0.06724,89
1457075968,29.92563796,0,4.999953606,4.999907212,9,0.069175005,90
1457075973,29.47682905,0,4.999953606,4.999907212,9,0.517966032,91
1457075978,29.67448497,0,4.999953606,4.999907212,9,0.320764065,92
1457075983,29.6668241,0,4.999953606,4.999907212,9,0.328104973,93
1457075988,29.92433596,0,4.999953606,4.999907212,9,0.070726156,94
1457075993,29.90866613,0,4.999953606,4.999907212,9,0.08620286,95
1457075998,29.95553899,0,4.999953606,4.999907212,9,0.039324045,96
1457076003,29.71821213,0,4.999953606,4.999907212,9,0.276566982,97
1457076008,29.96949911,0,4.999953606,4.999907212,9,0.025505066,98
1457076013,29.91853309,0,4.999953606,4.999907212,9,0.076267004,99
1457076018,29.88826919,0,4.999953606,4.999907212,9,0.106514931,100
1457076023,29.92004609,0,4.999953606,4.999907212,9,0.074826002,101
1457076028,29.91872406,0,4.999953606,4.999907212,9,0.07604003,102
1457076033,29.92575908,0,4.999953606,4.999907212,9,0.069062948,103
1457076038,29.93364596,0,4.999953606,4.999907212,9,0.061191082,104
1457076043,29.93732405,0,4.999953606,4.999907212,9,0.057299137,105
1457076048,29.94002414,0,4.999953606,4.999907212,9,0.054783821,106
1457076053,29.93111897,0,4.999953606,4.999907212,9,0.063676119,107
1457076058,29.93351007,0,4.999953606,4.999907212,9,0.06131506,108
1457076063,29.93722105,0,4.999953606,4.999907212,9,0.057590961,109
1457076068,29.92097497,0,4.999953606,4.999907212,9,0.07362318,110
1457076073,29.9042151,0,4.999953606,4.999907212,9,0.090600014,111
1457076078,29.92864013,0,4.999953606,4.999907212,9,0.066226959,112
1457076083,29.94683409,0,4.999953606,4.999907212,9,0.047967911,113
1457076088,29.95633101,0,4.999953606,4.999907212,9,0.038427114,114
1457076093,29.96953917,0,4.999953606,4.999907212,9,0.02522397,115
1457076098,29.98088813,0,4.999953606,4.999907212,9,0.013767004,116
1457076103,29.97143912,0,4.999953606,4.999907212,9,0.023254871,117
1457076108,29.95115995,0,4.999953606,4.999907212,9,0.043602228,118
1457076113,29.98225117,0,4.999953606,4.999907212,9,0.012557983,119
1457076118,4.979354858,0,3.793976899,2.587953799,4,0.020598173,0
1457076118,9.89615798,0,4.999953606,4.999907212,9,0.083106995,1
1457076118,14.86016989,0,4.999953606,4.999907212,9,0.035786152,2
1457076118,19.83853197,0,4.999953606,4.999907212,9,0.021544933,3
1457076118,24.78256702,0,4.999953606,4.999907212,9,0.05585885,4
1457076118,29.73088598,0,4.999953606,4.999907212,9,0.051560879,5
1457076123,29.94549704,0,4.999953606,4.999907212,9,0.049354792,6
1457076128,29.967695,0,4.999953606,4.999907212,9,0.027132034,7
1457076133,29.96612096,0,4.999953606,4.999907212,9,0.028658867,8
1457076138,29.94531894,0,4.999953606,4.999907212,9,0.049437046,9
1457076143,29.92830801,0,4.999953606,4.999907212,9,0.06653285,10
1457076148,29.97314,0,4.999953606,4.999907212,9,0.021703005,11
1457076153,29.94790101,0,4.999953606,4.999907212,9,0.046792984,12
1457076158,29.920681,0,4.999953606,4.999907212,9,0.073889017,13
1457076163,29.95198703,0,4.999953606,4.999907212,9,0.042832851,14
1457076168,29.90069795,0,4.999953606,4.999907212,9,0.09406209,15
1457076173,29.95430088,0,4.999953606,4.999907212,9,0.040498972,16
1457076178,29.96876788,0,4.999953606,4.999907212,9,0.026041031,17
1457076183,29.96224189,0,4.999953606,4.999907212,9,0.032557964,18
1457076188,29.96263504,0,4.999953606,4.999907212,9,0.032167912,19
1457076193,29.92526484,0,4.999953606,4.999907212,9,0.069478989,20
1457076198,29.946944,0,4.999953606,4.999907212,9,0.047884941,21
1457076203,29.89822698,0,4.999953606,4.999907212,9,0.096581936,22
1457076208,29.89830089,0,4.999953606,4.999907212,9,0.096570969,23
1457076213,29.94370389,0,4.999953606,4.999907212,9,0.051129103,24
1457076218,29.94392085,0,4.999953606,4.999907212,9,0.050909996,25
1457076223,29.94209599,0,4.999953606,4.999907212,9,0.052654982,26
1457076228,29.94730997,0,4.999953606,4.999907212,9,0.04749608,27
1457076233,29.94511199,0,4.999953606,4.999907212,9,0.049664974,28
1457076238,29.93891692,0,4.999953606,4.999907212,9,0.055853128,29
1457076243,29.90507197,0,4.999953606,4.999907212,9,0.089740992,30
1457076248,29.94925094,0,4.999953606,4.999907212,9,0.045612097,31
1457076253,29.91391182,0,4.999953606,4.999907212,9,0.080885172,32
1457076258,29.93308783,0,4.999953606,4.999907212,9,0.061733007,33
1457076263,29.96232486,0,4.999953606,4.999907212,9,0.032494068,34
1457076268,29.90213895,0,4.999953606,4.999907212,9,0.092649937,35
1457076273,29.92855501,0,4.999953606,4.999907212,9,0.066262007,36
1457076278,29.92467499,0,4.999953606,4.999907212,9,0.070148945,37
1457076283,29.91488695,0,4.999953606,4.999907212,9,0.079911947,38
1457076288,29.91437483,0,4.999953606,4.999907212,9,0.080412149,39
1457076293,29.94521499,0,4.999953606,4.999907212,9,0.049491882,40
1457076298,29.95513892,0,4.999953606,4.999907212,9,0.039638996,41
1457076303,29.901577,0,4.999953606,4.999907212,9,0.093198061,42
1457076308,29.93526983,0,4.999953606,4.999907212,9,0.059590101,43
1457076313,29.93225598,0,4.999953606,4.999907212,9,0.062491894,44
1457076318,29.91958094,0,4.999953606,4.999907212,9,0.075269938,45
1457076323,29.94123101,0,4.999953606,4.999907212,9,0.053591013,46
1457076328,29.95186591,0,4.999953606,4.999907212,9,0.042906046,47
1457076333,29.91027904,0,4.999953606,4.999907212,9,0.084522009,48
1457076338,29.9135499,0,4.999953606,4.999907212,9,0.08130312,49
1457076343,29.92398,0,4.999953606,4.999907212,9,0.070801973,50
1457076348,29.93142295,0,4.999953606,4.999907212,9,0.063255072,51
1457076353,29.92434597,0,4.999953606,4.999907212,9,0.070462942,52
1457076358,29.93839097,0,4.999953606,4.999907212,9,0.056470871,53
1457076363,29.92085505,0,4.999953606,4.999907212,9,0.073934793,54
1457076368,29.89771104,0,4.999953606,4.999907212,9,0.097088814,55
1457076373,29.92108202,0,4.999953606,4.999907212,9,0.073769808,56
1457076378,29.96459699,0,4.999953606,4.999907212,9,0.03024292,57
1457076383,29.936728,0,4.999953606,4.999907212,9,0.058053017,58
1457076388,29.95234489,0,4.999953606,4.999907212,9,0.04242897,59
1457076393,29.83445787,0,4.999953606,4.999907212,9,0.160281181,60
1457076398,29.93248391,0,4.999953606,4.999907212,9,0.062430143,61
1457076403,29.93673396,0,4.999953606,4.999907212,9,0.058021069,62
1457076408,29.93805599,0,4.999953606,4.999907212,9,0.056715965,63
1457076413,29.95872998,0,4.999953606,4.999907212,9,0.036031008,64
1457076418,29.94673395,0,4.999953606,4.999907212,9,0.048069,65
1457076423,29.96262693,0,4.999953606,4.999907212,9,0.032172918,66
1457076428,29.88819695,0,4.999953606,4.999907212,9,0.106586933,67
1457076433,29.93788695,0,4.999953606,4.999907212,9,0.0569911,68
1457076438,29.92353797,0,4.999953606,4.999907212,9,0.071313858,69
1457076443,29.92690897,0,4.999953606,4.999907212,9,0.06753397,70
1457076448,29.92370105,0,4.999953606,4.999907212,9,0.071141958,71
1457076453,29.933002,0,4.999953606,4.999907212,9,0.061825991,72
1457076458,29.93207598,0,4.999953606,4.999907212,9,0.062731981,73
1457076463,29.95419288,0,4.999953606,4.999907212,9,0.040630102,74
1457076468,29.95446396,0,4.999953606,4.999907212,9,0.040237904,75
1457076473,29.94413805,0,4.999953606,4.999907212,9,0.050680876,76
1457076478,29.96337199,0,4.999953606,4.999907212,9,0.031465054,77
1457076483,29.94203782,0,4.999953606,4.999907212,9,0.052739143,78
1457076488,29.95422101,0,4.999953606,4.999907212,9,0.040575981,79
1457076493,29.95183086,0,4.999953606,4.999907212,9,0.042909145,80
1457076498,29.95662904,0,4.999953606,4.999907212,9,0.038170815,81
1457076503,29.93902183,0,4.999953606,4.999907212,9,0.055704117,82
1457076508,29.95377302,0,4.999953606,4.999907212,9,0.041015863,83
1457076513,29.87906289,0,4.999953606,4.999907212,9,0.115698099,84
1457076518,29.93094492,0,4.999953606,4.999907212,9,0.063851118,85
1457076523,29.92353702,0,4.999953606,4.999907212,9,0.071197987,86
1457076528,29.95405698,0,4.999953606,4.999907212,9,0.040714025,87
1457076533,29.94155502,0,4.999953606,4.999907212,9,0.053217888,88
1457076538,29.96201086,0,4.999953606,4.999907212,9,0.032745123,89
1457076543,29.96012092,0,4.999953606,4.999907212,9,0.034646988,90
1457076548,29.91040087,0,4.999953606,4.999907212,9,0.084350109,91
1457076553,29.87501001,0,4.999953606,4.999907212,9,0.119791985,92
1457076558,29.86940789,0,4.999953606,4.999907212,9,0.125476122,93
1457076563,29.95966482,0,4.999953606,4.999907212,9,0.035145998,94
1457076568,29.93941283,0,4.999953606,4.999907212,9,0.055359125,95
1457076573,29.96074104,0,4.999953606,4.999907212,9,0.034076929,96
1457076578,29.96831298,0,4.999953606,4.999907212,9,0.026489973,97
1457076583,29.96953297,0,4.999953606,4.999907212,9,0.025138855,98
1457076588,29.90830588,0,4.999953606,4.999907212,9,0.08636117,99
1457076593,29.88966203,0,4.999953606,4.999907212,9,0.105168819,100
1457076598,29.91869593,0,4.999953606,4.999907212,9,0.076169968,101
1457076603,29.91558504,0,4.999953606,4.999907212,9,0.079223871,102
1457076608,29.9341259,0,4.999953606,4.999907212,9,0.06072402,103
1457076613,29.931391,0,4.999953606,4.999907212,9,0.063395023,104
1457076618,29.93738389,0,4.999953606,4.999907212,9,0.057435989,105
1457076623,29.94884491,0,4.999953606,4.999907212,9,0.046005011,106
1457076628,29.94611287,0,4.999953606,4.999907212,9,0.048632145,107
1457076633,29.91658902,0,4.999953606,4.999907212,9,0.078197956,108
1457076638,29.94115186,0,4.999953606,4.999907212,9,0.053704023,109
1457076643,29.91114402,0,4.999953606,4.999907212,9,0.083647013,110
1457076648,29.92597699,0,4.999953606,4.999907212,9,0.068857908,111
1457076653,29.92799282,0,4.999953606,4.999907212,9,0.066821098,112
1457076658,29.92174006,0,4.999953606,4.999907212,9,0.073091984,113
1457076663,29.94698405,0,4.999953606,4.999907212,9,0.047849894,114
1457076668,29.95921302,0,4.999953606,4.999907212,9,0.035503864,115
1457076673,29.97862792,0,4.999953606,4.999907212,9,0.016153097,116
1457076678,29.97946191,0,4.999953606,4.999907212,9,0.015321016,117
1457076683,29.95529795,0,4.999953606,4.999907212,9,0.039448977,118
1457076688,29.97712588,0,4.999953606,4.999907212,9,0.017645121,119
1457076693,4.984392166,0,3.526397127,2.052794254,3,0.015565872,0
1457076693,9.70292902,0,4.999953606,4.999907212,9,0.281361103,1
1457076693,14.4665482,0,4.999953606,4.999907212,9,0.236277819,2
1457076693,19.25538111,0,4.999953606,4.999907212,9,0.211074114,3
1457076694,23.96823311,0,4.999953606,4.999907212,9,0.287056923,4
1457076694,28.867136,0,4.999953606,4.999907212,9,0.100987196,5
1457076698,29.93479705,0,4.999953606,4.999907212,9,0.064656973,6
1457076703,29.96107507,0,4.999953606,4.999907212,9,0.033757925,7
1457076708,29.96359801,0,4.999953606,4.999907212,9,0.03119421,8
1457076713,29.93631721,0,4.999953606,4.999907212,9,0.058448792,9
1457076718,29.72415113,0,4.999953606,4.999907212,9,0.275284052,10
1457076723,29.97070313,0,4.999953606,4.999907212,9,0.024292946,11
1457076728,29.94055104,0,4.999953606,4.999907212,9,0.054233074,12
1457076733,29.49964714,0,4.999953606,4.999907212,9,0.495141029,13
1457076738,29.49708509,0,4.999953606,4.999907212,9,0.502350092,14
1457076743,29.71904111,0,4.999953606,4.999907212,9,0.274609089,15
1457076748,29.93839407,0,4.999953606,4.999907212,9,0.056643963,16
1457076753,29.75170112,0,4.999953606,4.999907212,9,0.243088007,17
1457076758,29.96375608,0,4.999953606,4.999907212,9,0.035660028,18
1457076763,29.69912505,0,4.999953606,4.999907212,9,0.295663118,19
1457076768,29.72808909,0,4.999953606,4.999907212,9,0.266945124,20
1457076773,29.74760222,0,4.999953606,4.999907212,9,0.247435808,21
1457076778,29.92825007,0,4.999953606,4.999907212,9,0.071177006,22
1457076783,29.885149,0,4.999953606,4.999907212,9,0.109647989,23
1457076788,29.49516821,0,4.999953606,4.999907212,9,0.49967289,24
1457076793,29.22419214,0,4.999953606,4.999907212,9,0.771062851,25
1457076798,29.75285721,0,4.999953606,4.999907212,9,0.246570826,26
1457076803,29.74144411,0,4.999953606,4.999907212,9,0.253535032,27
1457076808,29.72744513,0,4.999953606,4.999907212,9,0.267565966,28
1457076813,29.75349903,0,4.999953606,4.999907212,9,0.241572142,29
1457076818,29.74986601,0,4.999953606,4.999907212,9,0.249551058,30
1457076823,29.7549212,0,4.999953606,4.999907212,9,0.238520861,31
1457076828,29.73657417,0,4.999953606,4.999907212,9,0.258410931,32
1457076833,29.74848413,0,4.999953606,4.999907212,9,0.246532917,33
1457076838,29.96350217,0,4.999953606,4.999907212,9,0.03592205,34
1457076844,28.99749708,0,4.999953606,4.999907212,9,0.996767998,35
1457076848,29.90488505,0,4.999953606,4.999907212,9,0.090873003,36
1457076853,29.71853614,0,4.999953606,4.999907212,9,0.276299,37
1457076858,29.74910617,0,4.999953606,4.999907212,9,0.250330925,38
1457076863,29.72660017,0,4.999953606,4.999907212,9,0.268439054,39
1457076868,29.76728916,0,4.999953606,4.999907212,9,0.227735996,40
1457076873,29.47857499,0,4.999953606,4.999907212,9,0.516392231,41
1457076878,29.72672105,0,4.999953606,4.999907212,9,0.272686005,42
1457076883,29.46160603,0,4.999953606,4.999907212,9,0.533761978,43
1457076888,29.74854302,0,4.999953606,4.999907212,9,0.24684,44
1457076893,29.72802806,0,4.999953606,4.999907212,9,0.267352104,45
1457076898,29.94920111,0,4.999953606,4.999907212,9,0.046205044,46
1457076903,29.74485707,0,4.999953606,4.999907212,9,0.250499964,47
1457076908,29.89091611,0,4.999953606,4.999907212,9,0.104340076,48
1457076913,29.90036011,0,4.999953606,4.999907212,9,0.095046997,49
1457076918,29.9192462,0,4.999953606,4.999907212,9,0.076156855,50
1457076923,29.91965604,0,4.999953606,4.999907212,9,0.075690031,51
1457076928,29.93428421,0,4.999953606,4.999907212,9,0.061077833,52
1457076933,29.92700911,0,4.999953606,4.999907212,9,0.068396091,53
1457076938,29.90377808,0,4.999953606,4.999907212,9,0.091643095,54
1457076943,29.88345003,0,4.999953606,4.999907212,9,0.111817122,55
1457076948,29.90395212,0,4.999953606,4.999907212,9,0.090928078,56
1457076953,29.96016502,0,4.999953606,4.999907212,9,0.034696102,57
1457076958,29.96202302,0,4.999953606,4.999907212,9,0.037386179,58
1457076963,29.92663622,0,4.999953606,4.999907212,9,0.068101883,59
1457076968,29.79008102,0,4.999953606,4.999907212,9,0.204728127,60
1457076973,29.9357512,0,4.999953606,4.999907212,9,0.059142828,61
1457076978,29.95968914,0,4.999953606,4.999907212,9,0.039721966,62
1457076983,29.92713213,0,4.999953606,4.999907212,9,0.067627907,63
1457076988,29.93516302,0,4.999953606,4.999907212,9,0.059640169,64
1457076993,29.92464304,0,4.999953606,4.999907212,9,0.070127964,65
1457076998,29.94514608,0,4.999953606,4.999907212,9,0.048100948,66
1457077003,29.95174503,0,4.999953606,4.999907212,9,0.043012142,67
1457077008,29.919765,0,4.999953606,4.999907212,9,0.075009108,68
1457077013,29.90622711,0,4.999953606,4.999907212,9,0.088582039,69
1457077018,29.91711307,0,4.999953606,4.999907212,9,0.082293034,70
1457077023,29.90997219,0,4.999953606,4.999907212,9,0.084857941,71
1457077028,29.906564,0,4.999953606,4.999907212,9,0.088247061,72
1457077033,29.89243913,0,4.999953606,4.999907212,9,0.101360083,73
1457077038,29.96926117,0,4.999953606,4.999907212,9,0.030156851,74
1457077043,29.96047401,0,4.999953606,4.999907212,9,0.034257174,75
1457077048,29.9700892,0,4.999953606,4.999907212,9,0.024698973,76
1457077053,29.97520208,0,4.999953606,4.999907212,9,0.019587994,77
1457077058,29.97710109,0,4.999953606,4.999907212,9,0.022309065,78
1457077063,29.94999814,0,4.999953606,4.999907212,9,0.044741869,79
1457077068,29.9390831,0,4.999953606,4.999907212,9,0.055733919,80
1457077073,29.95793009,0,4.999953606,4.999907212,9,0.036898136,81
1457077078,29.94135022,0,4.999953606,4.999907212,9,0.05805397,82
1457077083,29.89163709,0,4.999953606,4.999907212,9,0.096997976,83
1457077088,29.89880705,0,4.999953606,4.999907212,9,0.095998049,84
1457077093,29.91675019,0,4.999953606,4.999907212,9,0.078109026,85
1457077098,29.91238117,0,4.999953606,4.999907212,9,0.08699894,86
1457077103,29.94426417,0,4.999953606,4.999907212,9,0.050570011,87
1457077108,29.92399406,0,4.999953606,4.999907212,9,0.070765972,88
1457077113,29.95647502,0,4.999953606,4.999907212,9,0.038348198,89
1457077118,29.96317005,0,4.999953606,4.999907212,9,0.036231041,90
1457077123,29.94490004,0,4.999953606,4.999907212,9,0.049798965,91
1457077128,29.85786319,0,4.999953606,4.999907212,9,0.136955023,92
1457077133,29.86245203,0,4.999953606,4.999907212,9,0.137042999,93
1457077138,29.94658303,0,4.999953606,4.999907212,9,0.048377037,94
1457077143,29.957968,0,4.999953606,4.999907212,9,0.03681612,95
1457077148,29.97463918,0,4.999953606,4.999907212,9,0.020174026,96
1457077153,29.9729352,0,4.999953606,4.999907212,9,0.02184391,97
1457077158,29.96464205,0,4.999953606,4.999907212,9,0.034742117,98
1457077163,29.94797206,0,4.999953606,4.999907212,9,0.046790123,99
1457077168,29.90539813,0,4.999953606,4.999907212,9,0.089411974,100
1457077173,29.91419911,0,4.999953606,4.999907212,9,0.080621958,101
1457077178,29.92293811,0,4.999953606,4.999907212,9,0.076488972,102
1457077183,29.9263761,0,4.999953606,4.999907212,9,0.068434954,103
1457077188,29.90695906,0,4.999953606,4.999907212,9,0.087805033,104
1457077193,29.92833304,0,4.999953606,4.999907212,9,0.066310167,105
1457077198,29.93007207,0,4.999953606,4.999907212,9,0.063050032,106
1457077203,29.93654108,0,4.999953606,4.999907212,9,0.05823493,107
1457077208,29.91424417,0,4.999953606,4.999907212,9,0.080549002,108
1457077213,29.93354917,0,4.999953606,4.999907212,9,0.061261892,109
1457077218,29.94078803,0,4.999953606,4.999907212,9,0.058609962,110
1457077223,29.89533305,0,4.999953606,4.999907212,9,0.099493027,111
1457077228,29.92503405,0,4.999953606,4.999907212,9,0.06981802,112
1457077233,29.9517622,0,4.999953606,4.999907212,9,0.043015003,113
1457077238,29.97322607,0,4.999953606,4.999907212,9,0.026190042,114
1457077243,29.96204805,0,4.999953606,4.999907212,9,0.032740116,115
1457077248,29.97573709,0,4.999953606,4.999907212,9,0.018974066,116
1457077253,29.97597718,0,4.999953606,4.999907212,9,0.01880002,117
1457077258,29.97751808,0,4.999953606,4.999907212,9,0.021892071,118
1457077263,29.98184514,0,4.999953606,4.999907212,9,0.012947083,119
1457077268,4.981261015,0,3.526397127,2.052794254,3,0.018697023,0
1457077268,9.908469915,0,4.999953606,4.999907212,9,0.072691917,1
1457077268,14.86306405,0,4.999953606,4.999907212,9,0.045315981,2
1457077268,19.84018588,0,4.999953606,4.999907212,9,0.022772074,3
1457077268,24.78034401,0,4.999953606,4.999907212,9,0.059748888,4
1457077268,29.73193884,0,4.999953606,4.999907212,9,0.048310041,5
1457077273,29.9399159,0,4.999953606,4.999907212,9,0.055016041,6
1457077278,29.96157885,0,4.999953606,4.999907212,9,0.033263206,7
1457077283,29.96843195,0,4.999953606,4.999907212,9,0.026316881,8
1457077288,29.94280982,0,4.999953606,4.999907212,9,0.051983118,9
1457077293,29.91126704,0,4.999953606,4.999907212,9,0.083566904,10
1457077298,29.969486,0,4.999953606,4.999907212,9,0.025364876,11
1457077303,29.95257902,0,4.999953606,4.999907212,9,0.042212009,12
1457077308,29.91164899,0,4.999953606,4.999907212,9,0.083144903,13
1457077313,29.94454384,0,4.999953606,4.999907212,9,0.050305128,14
1457077318,29.89040804,0,4.999953606,4.999907212,9,0.104445934,15
1457077323,29.93899488,0,4.999953606,4.999907212,9,0.055864096,16
1457077328,29.96296501,0,4.999953606,4.999907212,9,0.031767845,17
1457077333,29.95735097,0,4.999953606,4.999907212,9,0.037410975,18
1457077338,29.95932102,0,4.999953606,4.999907212,9,0.035385847,19
1457077343,29.91973186,0,4.999953606,4.999907212,9,0.075011969,20
1457077348,29.92213297,0,4.999953606,4.999907212,9,0.07268095,21
1457077353,29.87451696,0,4.999953606,4.999907212,9,0.120249987,22
1457077358,29.88572097,0,4.999953606,4.999907212,9,0.109148979,23
1457077363,29.93770885,0,4.999953606,4.999907212,9,0.057137966,24
1457077368,29.92683887,0,4.999953606,4.999907212,9,0.067969084,25
1457077373,29.92802787,0,4.999953606,4.999907212,9,0.066769123,26
1457077378,29.91150689,0,4.999953606,4.999907212,9,0.083317995,27
1457077383,29.91489697,0,4.999953606,4.999907212,9,0.079933882,28
1457077388,29.93386102,0,4.999953606,4.999907212,9,0.060922861,29
1457077393,29.92130494,0,4.999953606,4.999907212,9,0.073462963,30
1457077398,29.93458605,0,4.999953606,4.999907212,9,0.060269833,31
1457077403,29.90825391,0,4.999953606,4.999907212,9,0.08652997,32
1457077408,29.91751003,0,4.999953606,4.999907212,9,0.077303886,33
1457077413,29.95427585,0,4.999953606,4.999907212,9,0.040604115,34
1457077418,29.90289903,0,4.999953606,4.999907212,9,0.091919899,35
1457077423,29.91771197,0,4.999953606,4.999907212,9,0.077098846,36
1457077428,29.90072703,0,4.999953606,4.999907212,9,0.094085932,37
1457077433,29.90096283,0,4.999953606,4.999907212,9,0.093919992,38
1457077438,29.93146586,0,4.999953606,4.999907212,9,0.06340313,39
1457077443,29.94135594,0,4.999953606,4.999907212,9,0.05347991,40
1457077448,29.92305684,0,4.999953606,4.999907212,9,0.071729183,41
1457077453,29.88759494,0,4.999953606,4.999907212,9,0.107239008,42
1457077458,29.93228602,0,4.999953606,4.999907212,9,0.062598944,43
1457077463,29.91121888,0,4.999953606,4.999907212,9,0.083621979,44
1457077468,29.89202189,0,4.999953606,4.999907212,9,0.102798939,45
1457077473,29.94197798,0,4.999953606,4.999907212,9,0.052785873,46
1457077478,29.94726086,0,4.999953606,4.999907212,9,0.047545195,47
1457077483,29.8867979,0,4.999953606,4.999907212,9,0.107963085,48
1457077488,29.89327884,0,4.999953606,4.999907212,9,0.101577044,49
1457077493,29.94258404,0,4.999953606,4.999907212,9,0.052279949,50
1457077498,29.92490005,0,4.999953606,4.999907212,9,0.069849968,51
1457077503,29.90073299,0,4.999953606,4.999907212,9,0.093796968,52
1457077508,29.76989388,0,4.999953606,4.999907212,9,0.224723101,53
1457077513,29.93200588,0,4.999953606,4.999907212,9,0.062914133,54
1457077518,29.93405485,0,4.999953606,4.999907212,9,0.060661077,55
1457077523,29.91000891,0,4.999953606,4.999907212,9,0.084784031,56
1457077528,29.96850896,0,4.999953606,4.999907212,9,0.026218891,57
1457077533,29.94186902,0,4.999953606,4.999907212,9,0.052841902,58
1457077538,29.94504595,0,4.999953606,4.999907212,9,0.049746037,59
1457077543,29.83550096,0,4.999953606,4.999907212,9,0.159283876,60
1457077548,29.95563602,0,4.999953606,4.999907212,9,0.039233923,61
1457077553,29.74890685,0,4.999953606,4.999907212,9,0.245912075,62
1457077558,29.75464988,0,4.999953606,4.999907212,9,0.240398169,63
1457077563,29.9559629,0,4.999953606,4.999907212,9,0.039030075,64
1457077568,29.51251984,0,4.999953606,4.999907212,9,0.482275009,65
1457077573,29.95443892,0,4.999953606,4.999907212,9,0.040787935,66
1457077578,29.97092295,0,4.999953606,4.999907212,9,0.023870945,67
1457077583,29.76113892,0,4.999953606,4.999907212,9,0.23365593,68
1457077588,29.74701691,0,4.999953606,4.999907212,9,0.247964144,69
1457077593,29.82600498,0,4.999953606,4.999907212,9,0.168980837,70
1457077598,29.75057602,0,4.999953606,4.999907212,9,0.24435091,71
1457077603,29.7567029,0,4.999953606,4.999907212,9,0.238255978,72
1457077608,29.51516795,0,4.999953606,4.999907212,9,0.479790926,73
1457077613,29.73222589,0,4.999953606,4.999907212,9,0.262975931,74
1457077618,29.51684499,0,4.999953606,4.999907212,9,0.478165865,75
1457077623,29.51936984,0,4.999953606,4.999907212,9,0.475889206,76
1457077628,29.74569392,0,4.999953606,4.999907212,9,0.249490023,77
1457077633,29.72108698,0,4.999953606,4.999907212,9,0.27381587,78
1457077638,29.51250982,0,4.999953606,4.999907212,9,0.482509136,79
1457077643,29.95769191,0,4.999953606,4.999907212,9,0.037539959,80
1457077648,29.7327919,0,4.999953606,4.999907212,9,0.261979103,81
1457077653,29.76240802,0,4.999953606,4.999907212,9,0.232623816,82
1457077658,29.95745802,0,4.999953606,4.999907212,9,0.037258863,83
1457077663,29.74048305,0,4.999953606,4.999907212,9,0.254265785,84
1457077668,29.51578283,0,4.999953606,4.999907212,9,0.479194164,85
1457077673,29.74471283,0,4.999953606,4.999907212,9,0.250524998,86
1457077678,29.952528,0,4.999953606,4.999907212,9,0.042462826,87
1457077683,29.92219305,0,4.999953606,4.999907212,9,0.070467949,88
1457077688,29.95700598,0,4.999953606,4.999907212,9,0.03777504,89
1457077693,29.76314902,0,4.999953606,4.999907212,9,0.231640816,90
1457077698,29.9516139,0,4.999953606,4.999907212,9,0.043128967,91
1457077703,29.79742384,0,4.999953606,4.999907212,9,0.197382212,92
1457077708,29.51708603,0,4.999953606,4.999907212,9,0.477854967,93
1457077713,29.76395297,0,4.999953606,4.999907212,9,0.23123908,94
1457077718,29.94861794,0,4.999953606,4.999907212,9,0.04637599,95
1457077723,29.96145701,0,4.999953606,4.999907212,9,0.033237934,96
1457077728,29.76276398,0,4.999953606,4.999907212,9,0.231899023,97
1457077733,29.75892901,0,4.999953606,4.999907212,9,0.236001968,98
1457077738,29.77075791,0,4.999953606,4.999907212,9,0.224196911,99
1457077743,29.72462797,0,4.999953606,4.999907212,9,0.27016592,100
1457077748,29.74218988,0,4.999953606,4.999907212,9,0.252598047,101
1457077753,29.74952292,0,4.999953606,4.999907212,9,0.24546504,102
1457077758,29.51996899,0,4.999953606,4.999907212,9,0.475065947,103
1457077763,29.75983787,0,4.999953606,4.999907212,9,0.235378981,104
1457077768,29.94065094,0,4.999953606,4.999907212,9,0.054336071,105
1457077773,29.72070789,0,4.999953606,4.999907212,9,0.274111032,106
1457077778,29.75855684,0,4.999953606,4.999907212,9,0.236456156,107
1457077783,29.72827005,0,4.999953606,4.999907212,9,0.266624928,108
1457077788,29.772434,0,4.999953606,4.999907212,9,0.222543001,109
1457077793,29.75610304,0,4.999953606,4.999907212,9,0.238861799,110
1457077798,29.76538801,0,4.999953606,4.999907212,9,0.229631901,111
1457077803,29.94405794,0,4.999953606,4.999907212,9,0.050899982,112
1457077808,29.93889403,0,4.999953606,4.999907212,9,0.055895805,113
1457077813,29.95391989,0,4.999953606,4.999907212,9,0.040879965,114
1457077818,29.96491289,0,4.999953606,4.999907212,9,0.029878139,115
1457077823,29.98062587,0,4.999953606,4.999907212,9,0.014135122,116
1457077828,29.9724369,0,4.999953606,4.999907212,9,0.022310972,117
1457077833,29.96614885,0,4.999953606,4.999907212,9,0.028570175,118
1457077838,29.98021388,0,4.999953606,4.999907212,9,0.014292002,119
1457077843,4.981062889,0,3.526397127,2.052794254,3,0.018870115,0
1457077843,9.929454088,0,4.999953606,4.999907212,9,0.051487923,1
1457077843,14.90001702,0,4.999953606,4.999907212,9,0.029309034,2
1457077843,19.87655091,0,4.999953606,4.999907212,9,0.023308992,3
1457077843,24.81687307,0,4.999953606,4.999907212,9,0.059553862,4
1457077843,29.75545192,0,4.999953606,4.999907212,9,0.061135054,5
1457077848,29.9474349,0,4.999953606,4.999907212,9,0.047506094,6
1457077853,29.97294712,0,4.999953606,4.999907212,9,0.021814823,7
1457077858,29.96350503,0,4.999953606,4.999907212,9,0.031229973,8
1457077863,29.95626807,0,4.999953606,4.999907212,9,0.038538933,9
1457077868,29.95315695,0,4.999953606,4.999907212,9,0.041548967,10
1457077873,29.97656202,0,4.999953606,4.999907212,9,0.018152952,11
1457077878,29.96788692,0,4.999953606,4.999907212,9,0.02670908,12
1457077883,29.93294311,0,4.999953606,4.999907212,9,0.061775923,13
1457077888,29.96161795,0,4.999953606,4.999907212,9,0.033139944,14
1457077893,29.92255592,0,4.999953606,4.999907212,9,0.072245121,15
1457077898,29.94359994,0,4.999953606,4.999907212,9,0.051241159,16
1457077903,29.95867109,0,4.999953606,4.999907212,9,0.036120892,17
1457077908,29.96029902,0,4.999953606,4.999907212,9,0.034508944,18
1457077913,29.97101498,0,4.999953606,4.999907212,9,0.023773909,19
1457077918,29.93586493,0,4.999953606,4.999907212,9,0.058853149,20
1457077923,29.95303106,0,4.999953606,4.999907212,9,0.041770935,21
1457077928,29.92194009,0,4.999953606,4.999907212,9,0.072873831,22
1457077933,29.91695809,0,4.999953606,4.999907212,9,0.077828884,23
1457077938,29.95138502,0,4.999953606,4.999907212,9,0.043412924,24
1457077943,29.9508121,0,4.999953606,4.999907212,9,0.043951988,25
1457077948,29.95168495,0,4.999953606,4.999907212,9,0.043107986,26
1457077953,29.93505096,0,4.999953606,4.999907212,9,0.059726,27
1457077958,29.9371171,0,4.999953606,4.999907212,9,0.057698965,28
1457077963,29.93572092,0,4.999953606,4.999907212,9,0.059059143,29
1457077968,29.90269399,0,4.999953606,4.999907212,9,0.092025995,30
1457077973,29.94933701,0,4.999953606,4.999907212,9,0.045478106,31
1457077978,29.92614198,0,4.999953606,4.999907212,9,0.068639994,32
1457077983,29.93706298,0,4.999953606,4.999907212,9,0.057766914,33
1457077988,29.9682591,0,4.999953606,4.999907212,9,0.02655983,34
1457077993,29.92893791,0,4.999953606,4.999907212,9,0.065770149,35
1457077998,29.93123603,0,4.999953606,4.999907212,9,0.063613892,36
1457078003,29.93300796,0,4.999953606,4.999907212,9,0.061769962,37
1457078008,29.93970108,0,4.999953606,4.999907212,9,0.055048943,38
1457078013,29.94337106,0,4.999953606,4.999907212,9,0.051450968,39
1457078018,29.95494199,0,4.999953606,4.999907212,9,0.039849997,40
1457078023,29.94841099,0,4.999953606,4.999907212,9,0.046345949,41
1457078028,29.912184,0,4.999953606,4.999907212,9,0.082520962,42
1457078033,29.94597602,0,4.999953606,4.999907212,9,0.048891068,43
1457078038,29.953722,0,4.999953606,4.999907212,9,0.045500994,44
1457078043,29.9184289,0,4.999953606,4.999907212,9,0.076348066,45
1457078048,29.93860507,0,4.999953606,4.999907212,9,0.056208849,46
1457078053,29.94901299,0,4.999953606,4.999907212,9,0.045764923,47
1457078058,29.90870309,0,4.999953606,4.999907212,9,0.086107969,48
1457078063,29.91413403,0,4.999953606,4.999907212,9,0.080722094,49
1457078068,29.94191098,0,4.999953606,4.999907212,9,0.052918911,50
1457078073,29.93555903,0,4.999953606,4.999907212,9,0.058919907,51
1457078078,29.93579006,0,4.999953606,4.999907212,9,0.058991909,52
1457078083,29.93910909,0,4.999953606,4.999907212,9,0.055650949,53
1457078088,29.92876792,0,4.999953606,4.999907212,9,0.066013098,54
1457078093,29.92445111,0,4.999953606,4.999907212,9,0.070365906,55
1457078098,29.91736293,0,4.999953606,4.999907212,9,0.077450991,56
1457078103,29.96518993,0,4.999953606,4.999907212,9,0.029495001,57
1457078108,29.93850398,0,4.999953606,4.999907212,9,0.056298018,58
1457078113,29.95378304,0,4.999953606,4.999907212,9,0.040961981,59
1457078118,29.84438896,0,4.999953606,4.999907212,9,0.15042305,60
1457078123,29.944803,0,4.999953606,4.999907212,9,0.050095081,61
1457078128,29.93730211,0,4.999953606,4.999907212,9,0.057467937,62
1457078133,29.93595195,0,4.999953606,4.999907212,9,0.058872938,63
1457078138,29.94897103,0,4.999953606,4.999907212,9,0.045840979,64
1457078143,29.94713712,0,4.999953606,4.999907212,9,0.047571898,65
1457078148,29.96293306,0,4.999953606,4.999907212,9,0.03183794,66
1457078153,29.95184493,0,4.999953606,4.999907212,9,0.042966127,67
1457078158,29.93299508,0,4.999953606,4.999907212,9,0.061789989,68
1457078163,29.91523504,0,4.999953606,4.999907212,9,0.079566002,69
1457078168,29.92491102,0,4.999953606,4.999907212,9,0.069591999,70
1457078173,29.92481208,0,4.999953606,4.999907212,9,0.069941998,71
1457078178,29.939996,0,4.999953606,4.999907212,9,0.054830074,72
1457078183,29.93747807,0,4.999953606,4.999907212,9,0.057337999,73
1457078188,29.95232892,0,4.999953606,4.999907212,9,0.042442083,74
1457078193,29.94980693,0,4.999953606,4.999907212,9,0.044965982,75
1457078198,29.97560692,0,4.999953606,4.999907212,9,0.01920414,76
1457078203,29.97821903,0,4.999953606,4.999907212,9,0.016551018,77
1457078208,29.9610889,0,4.999953606,4.999907212,9,0.03363204,78
1457078213,29.96258307,0,4.999953606,4.999907212,9,0.032186985,79
1457078218,29.95880604,0,4.999953606,4.999907212,9,0.03598094,80
1457078223,29.95784497,0,4.999953606,4.999907212,9,0.03689909,81
1457078228,29.9346149,0,4.999953606,4.999907212,9,0.060130119,82
1457078233,29.95893812,0,4.999953606,4.999907212,9,0.035840988,83
1457078238,29.9174211,0,4.999953606,4.999907212,9,0.077364922,84
1457078243,29.93586802,0,4.999953606,4.999907212,9,0.05872798,85
1457078248,29.92035103,0,4.999953606,4.999907212,9,0.074442863,86
1457078253,29.95508289,0,4.999953606,4.999907212,9,0.039720058,87
1457078258,29.94229698,0,4.999953606,4.999907212,9,0.052454948,88
1457078263,29.95266294,0,4.999953606,4.999907212,9,0.041902065,89
1457078268,29.95713496,0,4.999953606,4.999907212,9,0.037653923,90
1457078273,29.9549551,0,4.999953606,4.999907212,9,0.039849997,91
1457078278,29.89057207,0,4.999953606,4.999907212,9,0.104228973,92
1457078283,29.88619304,0,4.999953606,4.999907212,9,0.108666897,93
1457078288,29.96084404,0,4.999953606,4.999907212,9,0.03399086,94
1457078293,29.96839309,0,4.999953606,4.999907212,9,0.026386023,95
1457078298,29.96883512,0,4.999953606,4.999907212,9,0.025861979,96
1457078303,29.97267509,0,4.999953606,4.999907212,9,0.022094011,97
1457078308,29.96174097,0,4.999953606,4.999907212,9,0.033023119,98
1457078313,29.95322704,0,4.999953606,4.999907212,9,0.041534901,99
1457078318,29.93150902,0,4.999953606,4.999907212,9,0.063299894,100
1457078323,29.93176699,0,4.999953606,4.999907212,9,0.063036919,101
1457078328,29.93563199,0,4.999953606,4.999907212,9,0.059170961,102
1457078333,29.94159603,0,4.999953606,4.999907212,9,0.053206921,103
1457078338,29.94235802,0,4.999953606,4.999907212,9,0.052464962,104
1457078343,29.94353008,0,4.999953606,4.999907212,9,0.051271915,105
1457078348,29.93696094,0,4.999953606,4.999907212,9,0.057835102,106
1457078353,29.95456004,0,4.999953606,4.999907212,9,0.040199041,107
1457078358,29.94250703,0,4.999953606,4.999907212,9,0.052308083,108
1457078363,29.93862295,0,4.999953606,4.999907212,9,0.056053162,109
1457078368,29.92422295,0,4.999953606,4.999907212,9,0.068861008,110
1457078373,29.92160392,0,4.999953606,4.999907212,9,0.073235035,111
1457078378,29.94005203,0,4.999953606,4.999907212,9,0.054781914,112
1457078383,29.8775351,0,4.999953606,4.999907212,9,0.117289782,113
1457078388,29.94962001,0,4.999953606,4.999907212,9,0.045248985,114
1457078393,29.9570961,0,4.999953606,4.999907212,9,0.037701845,115
1457078398,29.9773469,0,4.999953606,4.999907212,9,0.017485142,116
1457078403,29.97791505,0,4.999953606,4.999907212,9,0.016829014,117
1457078408,29.96583605,0,4.999953606,4.999907212,9,0.028931856,118
1457078413,29.98404598,0,4.999953606,4.999907212,9,0.01069808,119
1457078418,4.981266022,0,3.793976899,2.587953799,4,0.018699169,0
1457078418,9.935632229,0,4.999953606,4.999907212,9,0.045542955,1
1457078418,14.90365911,0,4.999953606,4.999907212,9,0.031842947,2
1457078418,19.87949705,0,4.999953606,4.999907212,9,0.024075985,3
1457078418,24.82347822,0,4.999953606,4.999907212,9,0.055911779,4
1457078418,29.78051901,0,4.999953606,4.999907212,9,0.042861223,5
1457078423,29.95406914,0,4.999953606,4.999907212,9,0.045180082,6
1457078428,29.96990108,0,4.999953606,4.999907212,9,0.029494047,7
1457078433,29.96998811,0,4.999953606,4.999907212,9,0.029376984,8
1457078438,29.95227313,0,4.999953606,4.999907212,9,0.047086,9
1457078443,29.94938207,0,4.999953606,4.999907212,9,0.049947023,10
1457078448,29.95988202,0,4.999953606,4.999907212,9,0.039446115,11
1457078453,29.96359921,0,4.999953606,4.999907212,9,0.035768032,12
1457078458,29.93465424,0,4.999953606,4.999907212,9,0.064716816,13
1457078463,29.95980215,0,4.999953606,4.999907212,9,0.039573908,14
1457078468,29.91826105,0,4.999953606,4.999907212,9,0.081063032,15
1457078473,29.9685111,0,4.999953606,4.999907212,9,0.030600071,16
1457078478,29.96980906,0,4.999953606,4.999907212,9,0.024984121,17
1457078483,29.96417522,0,4.999953606,4.999907212,9,0.030586004,18
1457078488,29.9593122,0,4.999953606,4.999907212,9,0.035452843,19
1457078493,29.93075514,0,4.999953606,4.999907212,9,0.064074039,20
1457078498,29.9433682,0,4.999953606,4.999907212,9,0.051486015,21
1457078503,29.91867614,0,4.999953606,4.999907212,9,0.07614994,22
1457078508,29.91136003,0,4.999953606,4.999907212,9,0.083470106,23
1457078513,29.94869423,0,4.999953606,4.999907212,9,0.046183825,24
1457078518,29.94949102,0,4.999953606,4.999907212,9,0.045283079,25
1457078523,29.94920301,0,4.999953606,4.999907212,9,0.045620203,26
1457078528,29.93927217,0,4.999953606,4.999907212,9,0.055522919,27
1457078533,29.93868017,0,4.999953606,4.999907212,9,0.056136847,28
1457078538,29.95683408,0,4.999953606,4.999907212,9,0.037991047,29
1457078543,29.94746518,0,4.999953606,4.999907212,9,0.047273874,30
1457078548,29.95235419,0,4.999953606,4.999907212,9,0.042434931,31
1457078553,29.93121004,0,4.999953606,4.999907212,9,0.063536167,32
1457078558,29.93310022,0,4.999953606,4.999907212,9,0.061678886,33
1457078563,29.95575619,0,4.999953606,4.999907212,9,0.039000034,34
1457078568,29.92329812,0,4.999953606,4.999907212,9,0.071419001,35
1457078573,29.92933416,0,4.999953606,4.999907212,9,0.065455914,36
1457078578,29.92564702,0,4.999953606,4.999907212,9,0.069180012,37
1457078583,29.94345403,0,4.999953606,4.999907212,9,0.05135417,38
1457078588,29.929497,0,4.999953606,4.999907212,9,0.065295219,39
1457078593,29.94738507,0,4.999953606,4.999907212,9,0.047431946,40
1457078598,29.95282817,0,4.999953606,4.999907212,9,0.041991949,41
1457078603,29.91348314,0,4.999953606,4.999907212,9,0.081270933,42
1457078608,29.94732404,0,4.999953606,4.999907212,9,0.047508001,43
1457078613,29.94970822,0,4.999953606,4.999907212,9,0.045077801,44
1457078618,29.93373823,0,4.999953606,4.999907212,9,0.060906887,45
1457078623,29.95867205,0,4.999953606,4.999907212,9,0.036117077,46
1457078628,29.94615316,0,4.999953606,4.999907212,9,0.048610926,47
1457078633,29.90613317,0,4.999953606,4.999907212,9,0.088678837,48
1457078638,29.91402411,0,4.999953606,4.999907212,9,0.080837965,49
1457078643,29.94646406,0,4.999953606,4.999907212,9,0.048336029,50
1457078648,29.93989921,0,4.999953606,4.999907212,9,0.054864883,51
1457078653,29.94784808,0,4.999953606,4.999907212,9,0.046944141,52
1457078658,29.94432116,0,4.999953606,4.999907212,9,0.050459862,53
1457078663,29.92740107,0,4.999953606,4.999907212,9,0.06736517,54
1457078668,29.93204618,0,4.999953606,4.999907212,9,0.062727928,55
1457078673,29.92363715,0,4.999953606,4.999907212,9,0.071133852,56
1457078678,29.969208,0,4.999953606,4.999907212,9,0.025587082,57
1457078683,29.93987203,0,4.999953606,4.999907212,9,0.054893017,58
1457078688,29.93990922,0,4.999953606,4.999907212,9,0.054833889,59
1457078693,29.84973812,0,4.999953606,4.999907212,9,0.144984007,60
1457078698,29.93333316,0,4.999953606,4.999907212,9,0.061552048,61
1457078703,29.95011306,0,4.999953606,4.999907212,9,0.044695139,62
1457078708,29.93499517,0,4.999953606,4.999907212,9,0.059815884,63
1457078713,29.95789123,0,4.999953606,4.999907212,9,0.036909819,64
1457078718,29.94474316,0,4.999953606,4.999907212,9,0.050083876,65
1457078723,29.95606422,0,4.999953606,4.999907212,9,0.038723946,66
1457078728,29.95159101,0,4.999953606,4.999907212,9,0.04321909,67
1457078733,29.92948318,0,4.999953606,4.999907212,9,0.065331936,68
1457078738,29.91904521,0,4.999953606,4.999907212,9,0.075801849,69
1457078743,29.92408204,0,4.999953606,4.999907212,9,0.070754051,70
1457078748,29.91948605,0,4.999953606,4.999907212,9,0.075335979,71
1457078753,29.93435407,0,4.999953606,4.999907212,9,0.060205936,72
1457078758,29.93406105,0,4.999953606,4.999907212,9,0.060754061,73
1457078763,29.95973802,0,4.999953606,4.999907212,9,0.035073042,74
1457078768,29.96408916,0,4.999953606,4.999907212,9,0.030674934,75
1457078773,29.96562719,0,4.999953606,4.999907212,9,0.029119015,76
1457078778,29.978338,0,4.999953606,4.999907212,9,0.016418219,77
1457078783,29.9520452,0,4.999953606,4.999907212,9,0.042663813,78
1457078788,29.95590115,0,4.999953606,4.999907212,9,0.038869858,79
1457078793,29.95716715,0,4.999953606,4.999907212,9,0.03759408,80
1457078798,29.96027017,0,4.999953606,4.999907212,9,0.034514904,81
1457078803,29.94341612,0,4.999953606,4.999907212,9,0.051393032,82
1457078808,29.95602107,0,4.999953606,4.999907212,9,0.038783073,83
1457078813,29.90926719,0,4.999953606,4.999907212,9,0.085505962,84
1457078818,29.93559813,0,4.999953606,4.999907212,9,0.05922389,85
1457078823,29.92205906,0,4.999953606,4.999907212,9,0.072718143,86
1457078828,29.96667123,0,4.999953606,4.999907212,9,0.028152943,87
1457078833,29.94084716,0,4.999953606,4.999907212,9,0.053870916,88
1457078838,29.97247219,0,4.999953606,4.999907212,9,0.022375822,89
1457078843,29.97095823,0,4.999953606,4.999907212,9,0.023761988,90
1457078848,29.96238208,0,4.999953606,4.999907212,9,0.032413006,91
1457078853,29.89438605,0,4.999953606,4.999907212,9,0.100409031,92
1457078858,29.92238903,0,4.999953606,4.999907212,9,0.072476149,93
1457078863,29.95287108,0,4.999953606,4.999907212,9,0.041921139,94
1457078868,29.94077611,0,4.999953606,4.999907212,9,0.053939104,95
1457078873,29.97440505,0,4.999953606,4.999907212,9,0.02038002,96
1457078878,29.96542811,0,4.999953606,4.999907212,9,0.02935195,97
1457078883,29.96848607,0,4.999953606,4.999907212,9,0.026302099,98
1457078888,29.95363903,0,4.999953606,4.999907212,9,0.041163206,99
1457078893,29.91779304,0,4.999953606,4.999907212,9,0.077023983,100
1457078898,29.92385006,0,4.999953606,4.999907212,9,0.070816994,101
1457078903,29.93815517,0,4.999953606,4.999907212,9,0.05667305,102
1457078908,29.93764615,0,4.999953606,4.999907212,9,0.057148933,103
1457078913,29.93550014,0,4.999953606,4.999907212,9,0.059298992,104
1457078918,29.9426012,0,4.999953606,4.999907212,9,0.052234888,105
1457078923,29.93434405,0,4.999953606,4.999907212,9,0.060348988,106
1457078928,29.93502808,0,4.999953606,4.999907212,9,0.059566021,107
1457078933,29.93278408,0,4.999953606,4.999907212,9,0.063277006,108
1457078938,29.92673802,0,4.999953606,4.999907212,9,0.067895174,109
1457078943,29.9215312,0,4.999953606,4.999907212,9,0.073318958,110
1457078948,29.91247511,0,4.999953606,4.999907212,9,0.082359076,111
1457078953,29.93244505,0,4.999953606,4.999907212,9,0.062397003,112
1457078958,29.94278002,0,4.999953606,4.999907212,9,0.051827192,113
1457078963,29.95693421,0,4.999953606,4.999907212,9,0.037683964,114
1457078968,29.96866202,0,4.999953606,4.999907212,9,0.026081085,115
1457078973,29.97659707,0,4.999953606,4.999907212,9,0.018183947,116
1457078978,29.980551,0,4.999953606,4.999907212,9,0.014205217,117
1457078983,29.96637702,0,4.999953606,4.999907212,9,0.028419018,118
1457078988,29.98092318,0,4.999953606,4.999907212,9,0.013838053,119
1457078993,4.978357077,0,3.793976899,2.587953799,4,0.021577835,0
1457078993,9.931283951,0,4.999953606,4.999907212,9,0.046926975,1
1457078993,14.89848709,0,4.999953606,4.999907212,9,0.032687902,2
1457078993,19.85825205,0,4.999953606,4.999907212,9,0.04014492,3
1457078993,24.80305409,0,4.999953606,4.999907212,9,0.05508399,4
1457078993,29.75798988,0,4.999953606,4.999907212,9,0.044934034,5
1457078998,29.93976188,0,4.999953606,4.999907212,9,0.055272102,6
1457079003,29.96319294,0,4.999953606,4.999907212,9,0.031590939,7
1457079008,29.94574499,0,4.999953606,4.999907212,9,0.048973083,8
1457079013,29.95223594,0,4.999953606,4.999907212,9,0.042536974,9
1457079018,29.89880896,0,4.999953606,4.999907212,9,0.095909119,10
1457079023,29.9655261,0,4.999953606,4.999907212,9,0.028713942,11
1457079028,29.95121002,0,4.999953606,4.999907212,9,0.043545008,12
1457079033,29.93109894,0,4.999953606,4.999907212,9,0.063569069,13
1457079038,29.9500289,0,4.999953606,4.999907212,9,0.044774055,14
1457079043,29.90883994,0,4.999953606,4.999907212,9,0.085901022,15
1457079048,29.94224906,0,4.999953606,4.999907212,9,0.052536964,16
1457079053,29.96756506,0,4.999953606,4.999907212,9,0.027146816,17
1457079058,29.95636606,0,4.999953606,4.999907212,9,0.038339853,18
1457079063,29.95807695,0,4.999953606,4.999907212,9,0.036633015,19
1457079068,29.93093801,0,4.999953606,4.999907212,9,0.063737869,20
1457079073,29.94162607,0,4.999953606,4.999907212,9,0.053134918,21
1457079078,29.91024494,0,4.999953606,4.999907212,9,0.084553957,22
1457079083,29.916049,0,4.999953606,4.999907212,9,0.078581095,23
1457079088,29.9389081,0,4.999953606,4.999907212,9,0.055859804,24
1457079093,29.94510198,0,4.999953606,4.999907212,9,0.049679041,25
1457079098,29.94748998,0,4.999953606,4.999907212,9,0.047233105,26
1457079103,29.93273306,0,4.999953606,4.999907212,9,0.061803818,27
1457079108,29.93293405,0,4.999953606,4.999907212,9,0.061714888,28
1457079113,29.94461203,0,4.999953606,4.999907212,9,0.050137997,29
1457079118,29.92385888,0,4.999953606,4.999907212,9,0.070937157,30
1457079123,29.95150399,0,4.999953606,4.999907212,9,0.043315887,31
1457079128,29.92938709,0,4.999953606,4.999907212,9,0.065302849,32
1457079133,29.93564987,0,4.999953606,4.999907212,9,0.059117079,33
1457079138,29.96895909,0,4.999953606,4.999907212,9,0.025784969,34
1457079143,29.92204309,0,4.999953606,4.999907212,9,0.072710991,35
1457079148,29.92344594,0,4.999953606,4.999907212,9,0.071325064,36
1457079153,29.91985798,0,4.999953606,4.999907212,9,0.074887037,37
1457079158,29.94284892,0,4.999953606,4.999907212,9,0.051784039,38
1457079163,29.93339491,0,4.999953606,4.999907212,9,0.061316013,39
1457079168,29.94632292,0,4.999953606,4.999907212,9,0.048352957,40
1457079173,29.94343495,0,4.999953606,4.999907212,9,0.051315069,41
1457079178,29.91184092,0,4.999953606,4.999907212,9,0.082844019,42
1457079183,29.92751789,0,4.999953606,4.999907212,9,0.067306042,43
1457079188,29.93960595,0,4.999953606,4.999907212,9,0.05517602,44
1457079193,29.9188869,0,4.999953606,4.999907212,9,0.075872183,45
1457079198,29.952672,0,4.999953606,4.999907212,9,0.041946888,46
1457079203,29.9552691,0,4.999953606,4.999907212,9,0.039436817,47
1457079208,29.90412593,0,4.999953606,4.999907212,9,0.090638161,48
1457079213,29.91042805,0,4.999953606,4.999907212,9,0.084386826,49
1457079218,29.93850303,0,4.999953606,4.999907212,9,0.056272984,50
1457079223,29.93494701,0,4.999953606,4.999907212,9,0.059764862,51
1457079228,29.92315507,0,4.999953606,4.999907212,9,0.071615934,52
1457079233,29.94761205,0,4.999953606,4.999907212,9,0.047173023,53
1457079238,29.92347407,0,4.999953606,4.999907212,9,0.071270943,54
1457079243,29.91975594,0,4.999953606,4.999907212,9,0.075029135,55
1457079248,29.93180704,0,4.999953606,4.999907212,9,0.06296587,56
1457079253,29.96687889,0,4.999953606,4.999907212,9,0.027906179,57
1457079258,29.94945788,0,4.999953606,4.999907212,9,0.045263052,58
1457079263,29.95231295,0,4.999953606,4.999907212,9,0.042258978,59
1457079268,29.85244989,0,4.999953606,4.999907212,9,0.142273188,60
1457079273,29.93159103,0,4.999953606,4.999907212,9,0.063092947,61
1457079278,29.90324306,0,4.999953606,4.999907212,9,0.091449022,62
1457079283,29.94099593,0,4.999953606,4.999907212,9,0.053786993,63
1457079288,29.94882202,0,4.999953606,4.999907212,9,0.045938969,64
1457079293,29.9424119,0,4.999953606,4.999907212,9,0.052335024,65
1457079298,29.95668387,0,4.999953606,4.999907212,9,0.038045168,66
1457079303,29.94988394,0,4.999953606,4.999907212,9,0.044826031,67
1457079308,29.92941904,0,4.999953606,4.999907212,9,0.065290928,68
1457079313,29.92097592,0,4.999953606,4.999907212,9,0.073696136,69
1457079318,29.92450809,0,4.999953606,4.999907212,9,0.070275784,70
1457079323,29.91774893,0,4.999953606,4.999907212,9,0.076951981,71
1457079328,29.92715788,0,4.999953606,4.999907212,9,0.067614079,72
1457079333,29.928406,0,4.999953606,4.999907212,9,0.066291094,73
1457079338,29.93814898,0,4.999953606,4.999907212,9,0.056615114,74
1457079343,29.9315629,0,4.999953606,4.999907212,9,0.063170195,75
1457079348,29.96001792,0,4.999953606,4.999907212,9,0.034706116,76
1457079353,29.97235608,0,4.999953606,4.999907212,9,0.022411823,77
1457079358,29.9594419,0,4.999953606,4.999907212,9,0.035305023,78
1457079363,29.96185088,0,4.999953606,4.999907212,9,0.032888174,79
1457079368,29.96228909,0,4.999953606,4.999907212,9,0.032285929,80
1457079373,29.96017694,0,4.999953606,4.999907212,9,0.034566164,81
1457079378,29.94640803,0,4.999953606,4.999907212,9,0.048294067,82
1457079383,29.95704508,0,4.999953606,4.999907212,9,0.037734985,83
1457079388,29.91384292,0,4.999953606,4.999907212,9,0.080872059,84
1457079393,29.93407989,0,4.999953606,4.999907212,9,0.060651064,85
1457079398,29.91823292,0,4.999953606,4.999907212,9,0.076575041,86
1457079403,29.95390701,0,4.999953606,4.999907212,9,0.040905952,87
1457079408,29.93645406,0,4.999953606,4.999907212,9,0.058336973,88
1457079413,29.9680419,0,4.999953606,4.999907212,9,0.026770115,89
1457079418,29.95405102,0,4.999953606,4.999907212,9,0.04073596,90
1457079423,29.96135902,0,4.999953606,4.999907212,9,0.033395052,91
1457079428,29.895612,0,4.999953606,4.999907212,9,0.099112034,92
1457079433,29.89551687,0,4.999953606,4.999907212,9,0.099321127,93
1457079438,29.95734811,0,4.999953606,4.999907212,9,0.037497997,94
1457079443,29.9534409,0,4.999953606,4.999907212,9,0.041263103,95
1457079448,29.97289896,0,4.999953606,4.999907212,9,0.021851063,96
1457079453,29.96629906,0,4.999953606,4.999907212,9,0.02849102,97
1457079458,29.96218896,0,4.999953606,4.999907212,9,0.032603025,98
1457079463,29.9440701,0,4.999953606,4.999907212,9,0.050709963,99
1457079468,29.90194893,0,4.999953606,4.999907212,9,0.092826128,100
1457079473,29.92868304,0,4.999953606,4.999907212,9,0.066180944,101
1457079478,29.93576002,0,4.999953606,4.999907212,9,0.059051991,102
1457079483,29.94263291,0,4.999953606,4.999907212,9,0.052175045,103
1457079488,29.94074607,0,4.999953606,4.999907212,9,0.053876877,104
1457079493,29.93877196,0,4.999953606,4.999907212,9,0.056025028,105
1457079498,29.93903708,0,4.999953606,4.999907212,9,0.055787802,106
1457079503,29.94913793,0,4.999953606,4.999907212,9,0.045696974,107
1457079508,29.92278194,0,4.999953606,4.999907212,9,0.072018147,108
1457079513,29.94765306,0,4.999953606,4.999907212,9,0.04715395,109
1457079518,29.92616796,0,4.999953606,4.999907212,9,0.068655968,110
1457079523,29.9039619,0,4.999953606,4.999907212,9,0.090806007,111
1457079528,29.91856194,0,4.999953606,4.999907212,9,0.076306105,112
1457079533,29.93674302,0,4.999953606,4.999907212,9,0.058075905,113
1457079538,29.95598292,0,4.999953606,4.999907212,9,0.038753033,114
1457079543,29.96273208,0,4.999953606,4.999907212,9,0.032054901,115
1457079548,29.97820687,0,4.999953606,4.999907212,9,0.016571045,116
1457079553,29.97648311,0,4.999953606,4.999907212,9,0.018199921,117
1457079558,29.97325301,0,4.999953606,4.999907212,9,0.021508932,118
1457079563,29.98189497,0,4.999953606,4.999907212,9,0.012865067,119
1457079568,4.978537798,0,3.526397127,2.052794254,3,0.021409988,0
1457079568,9.934971809,0,4.999953606,4.999907212,9,0.043452978,1
1457079568,14.89589,0,4.999953606,4.999907212,9,0.038945913,2
1457079568,19.86961079,0,4.999953606,4.999907212,9,0.02610302,3
1457079568,24.80879688,0,4.999953606,4.999907212,9,0.060621023,4
1457079568,29.75779796,0,4.999953606,4.999907212,9,0.05082202,5
1457079573,29.94486594,0,4.999953606,4.999907212,9,0.051678896,6
1457079578,29.97371387,0,4.999953606,4.999907212,9,0.022720098,7
1457079583,29.96073484,0,4.999953606,4.999907212,9,0.035758018,8
1457079588,29.94641495,0,4.999953606,4.999907212,9,0.049965858,9
1457079593,29.92021894,0,4.999953606,4.999907212,9,0.076325893,10
1457079598,29.97558379,0,4.999953606,4.999907212,9,0.02097702,11
1457079603,29.948915,0,4.999953606,4.999907212,9,0.047621965,12
1457079608,29.92929983,0,4.999953606,4.999907212,9,0.06724,13
1457079613,29.94252777,0,4.999953606,4.999907212,9,0.054011106,14
1457079618,29.79174781,0,4.999953606,4.999907212,9,0.204774141,15
1457079623,29.95309496,0,4.999953606,4.999907212,9,0.043467045,16
1457079628,29.95921898,0,4.999953606,4.999907212,9,0.036932945,17
1457079633,29.96596193,0,4.999953606,4.999907212,9,0.03055501,18
1457079638,29.95644379,0,4.999953606,4.999907212,9,0.040077209,19
1457079643,29.93571591,0,4.999953606,4.999907212,9,0.060600042,20
1457079648,29.94586492,0,4.999953606,4.999907212,9,0.050513029,21
1457079653,29.91673684,0,4.999953606,4.999907212,9,0.079823017,22
1457079658,29.91469979,0,4.999953606,4.999907212,9,0.081893206,23
1457079663,29.94884992,0,4.999953606,4.999907212,9,0.047710896,24
1457079668,29.94888377,0,4.999953606,4.999907212,9,0.047446012,25
1457079673,29.94771695,0,4.999953606,4.999907212,9,0.048825979,26
1457079678,29.93264079,0,4.999953606,4.999907212,9,0.063903093,27
1457079683,29.93770981,0,4.999953606,4.999907212,9,0.058753014,28
1457079688,29.94509077,0,4.999953606,4.999907212,9,0.051405191,29
1457079693,29.93494296,0,4.999953606,4.999907212,9,0.061612844,30
1457079698,29.95047498,0,4.999953606,4.999907212,9,0.046061993,31
1457079703,29.92729878,0,4.999953606,4.999907212,9,0.068981171,32
1457079708,29.936445,0,4.999953606,4.999907212,9,0.059651852,33
1457079713,29.965626,0,4.999953606,4.999907212,9,0.03091383,34
1457079718,29.92708087,0,4.999953606,4.999907212,9,0.069478989,35
1457079723,29.93257999,0,4.999953606,4.999907212,9,0.063977957,36
1457079728,29.93090391,0,4.999953606,4.999907212,9,0.06565094,37
1457079733,29.94377685,0,4.999953606,4.999907212,9,0.052619934,38
1457079738,29.95218897,0,4.999953606,4.999907212,9,0.044292927,39
1457079743,29.94458795,0,4.999953606,4.999907212,9,0.051939011,40
1457079748,29.94928098,0,4.999953606,4.999907212,9,0.047058821,41
1457079753,29.90931582,0,4.999953606,4.999907212,9,0.087131023,42
1457079758,29.93703198,0,4.999953606,4.999907212,9,0.059295893,43
1457079763,29.93424487,0,4.999953606,4.999907212,9,0.062274933,44
1457079768,29.91999292,0,4.999953606,4.999907212,9,0.076518059,45
1457079773,29.96478891,0,4.999953606,4.999907212,9,0.031738997,46
1457079778,29.95102,0,4.999953606,4.999907212,9,0.045491934,47
1457079783,29.90292192,0,4.999953606,4.999907212,9,0.093626022,48
1457079788,29.93228292,0,4.999953606,4.999907212,9,0.064245939,49
1457079793,29.95821285,0,4.999953606,4.999907212,9,0.038316965,50
1457079798,29.94969988,0,4.999953606,4.999907212,9,0.046833038,51
1457079803,29.93730879,0,4.999953606,4.999907212,9,0.059190989,52
1457079808,29.95228696,0,4.999953606,4.999907212,9,0.044209957,53
1457079813,29.92695785,0,4.999953606,4.999907212,9,0.069561958,54
1457079818,29.89893198,0,4.999953606,4.999907212,9,0.097450972,55
1457079823,29.94440079,0,4.999953606,4.999907212,9,0.050449133,56
1457079828,29.95595694,0,4.999953606,4.999907212,9,0.038511992,57
1457079833,29.94869995,0,4.999953606,4.999907212,9,0.046110868,58
1457079838,29.94262695,0,4.999953606,4.999907212,9,0.052078009,59
1457079843,29.85762191,0,4.999953606,4.999907212,9,0.137172937,60
1457079848,29.94214487,0,4.999953606,4.999907212,9,0.052469015,61
1457079853,29.93261194,0,4.999953606,4.999907212,9,0.062024832,62
1457079858,29.95282698,0,4.999953606,4.999907212,9,0.041960001,63
1457079863,29.95702887,0,4.999953606,4.999907212,9,0.037748098,64
1457079868,29.91610289,0,4.999953606,4.999907212,9,0.078674078,65
1457079873,29.96135783,0,4.999953606,4.999907212,9,0.033463001,66
1457079878,29.95871091,0,4.999953606,4.999907212,9,0.036056042,67
1457079883,29.93497586,0,4.999953606,4.999907212,9,0.059715986,68
1457079888,29.82023096,0,4.999953606,4.999907212,9,0.174074888,69
1457079893,29.93040895,0,4.999953606,4.999907212,9,0.064504862,70
1457079898,29.92511177,0,4.999953606,4.999907212,9,0.069713116,71
1457079903,29.93280292,0,4.999953606,4.999907212,9,0.061996937,72
1457079908,29.93607879,0,4.999953606,4.999907212,9,0.058492184,73
1457079913,29.96087694,0,4.999953606,4.999907212,9,0.033881903,74
1457079918,29.95429397,0,4.999953606,4.999907212,9,0.040539026,75
1457079923,29.97391891,0,4.999953606,4.999907212,9,0.020878077,76
1457079928,29.97880888,0,4.999953606,4.999907212,9,0.015964985,77
1457079933,29.96251488,0,4.999953606,4.999907212,9,0.032256126,78
1457079938,29.89904785,0,4.999953606,4.999907212,9,0.095745087,79
1457079943,29.9625659,0,4.999953606,4.999907212,9,0.032296896,80
1457079948,29.95173788,0,4.999953606,4.999907212,9,0.043039083,81
1457079953,29.95216298,0,4.999953606,4.999907212,9,0.04260993,82
1457079958,29.95981193,0,4.999953606,4.999907212,9,0.034987926,83
1457079963,29.90886593,0,4.999953606,4.999907212,9,0.085922003,84
1457079968,29.93567681,0,4.999953606,4.999907212,9,0.05915904,85
1457079973,29.92060494,0,4.999953606,4.999907212,9,0.074198961,86
1457079978,29.95752001,0,4.999953606,4.999907212,9,0.037288904,87
1457079983,29.93881989,0,4.999953606,4.999907212,9,0.055996895,88
1457079988,29.96603489,0,4.999953606,4.999907212,9,0.02876997,89
1457079993,29.95290685,0,4.999953606,4.999907212,9,0.041852951,90
1457079998,29.95448089,0,4.999953606,4.999907212,9,0.040313959,91
1457080003,29.89626789,0,4.999953606,4.999907212,9,0.098522902,92
1457080008,29.8863368,0,4.999953606,4.999907212,9,0.108428001,93
1457080013,29.95735788,0,4.999953606,4.999907212,9,0.037497044,94
1457080018,29.96156788,0,4.999953606,4.999907212,9,0.033239126,95
1457080023,29.97579193,0,4.999953606,4.999907212,9,0.019007921,96
1457080028,29.96447778,0,4.999953606,4.999907212,9,0.030306101,97
1457080033,29.96554089,0,4.999953606,4.999907212,9,0.029248953,98
1457080038,29.94739079,0,4.999953606,4.999907212,9,0.047424078,99
1457080043,29.92527986,0,4.999953606,4.999907212,9,0.069499016,100
1457080048,29.92800093,0,4.999953606,4.999907212,9,0.066843033,101
1457080053,29.93262982,0,4.999953606,4.999907212,9,0.062209129,102
1457080058,29.94191599,0,4.999953606,4.999907212,9,0.05287385,103
1457080063,29.93284178,0,4.999953606,4.999907212,9,0.061868191,104
1457080068,29.94463301,0,4.999953606,4.999907212,9,0.050137997,105
1457080073,29.93227196,0,4.999953606,4.999907212,9,0.062566996,106
1457080078,29.93276286,0,4.999953606,4.999907212,9,0.062016964,107
1457080083,29.946105,0,4.999953606,4.999907212,9,0.048667908,108
1457080088,29.93918991,0,4.999953606,4.999907212,9,0.055578947,109
1457080093,29.91730595,0,4.999953606,4.999907212,9,0.077528,110
1457080098,29.92412591,0,4.999953606,4.999907212,9,0.070694923,111
1457080103,29.93223977,0,4.999953606,4.999907212,9,0.062551022,112
1457080108,29.95250487,0,4.999953606,4.999907212,9,0.042294979,113
1457080113,29.95392585,0,4.999953606,4.999907212,9,0.040607929,114
1457080118,29.97053599,0,4.999953606,4.999907212,9,0.024280787,115
1457080123,29.97402287,0,4.999953606,4.999907212,9,0.020733118,116
1457080128,29.9745338,0,4.999953606,4.999907212,9,0.020128012,117
1457080133,29.96687889,0,4.999953606,4.999907212,9,0.027873039,118
1457080138,29.98094487,0,4.999953606,4.999907212,9,0.013797998,119
1457080143,4.979567051,0,3.526397127,2.052794254,3,0.020380974,0
1457080143,9.937443018,0,4.999953606,4.999907212,9,0.042001963,1
1457080143,14.89542699,0,4.999953606,4.999907212,9,0.041886091,2
1457080143,19.86924696,0,4.999953606,4.999907212,9,0.026052952,3
1457080143,24.8066721,0,4.999953606,4.999907212,9,0.062480927,4
1457080143,29.75191808,0,4.999953606,4.999907212,9,0.054610968,5
1457080148,29.9499321,0,4.999953606,4.999907212,9,0.045068979,6
1457080153,29.96879196,0,4.999953606,4.999907212,9,0.026040077,7
1457080158,29.97224712,0,4.999953606,4.999907212,9,0.022598982,8
1457080163,29.94667411,0,4.999953606,4.999907212,9,0.048066854,9
1457080168,29.91768312,0,4.999953606,4.999907212,9,0.077106953,10
1457080173,29.96537495,0,4.999953606,4.999907212,9,0.029484034,11
1457080178,29.95617509,0,4.999953606,4.999907212,9,0.038462877,12
1457080183,29.93027306,0,4.999953606,4.999907212,9,0.064507961,13
1457080188,29.95172811,0,4.999953606,4.999907212,9,0.043021917,14
1457080193,29.91021109,0,4.999953606,4.999907212,9,0.084504843,15
1457080198,29.96486497,0,4.999953606,4.999907212,9,0.029973984,16
1457080203,29.97029901,0,4.999953606,4.999907212,9,0.024496078,17
1457080208,29.96101999,0,4.999953606,4.999907212,9,0.033762932,18
1457080213,29.96281099,0,4.999953606,4.999907212,9,0.031953096,19
1457080218,29.94425297,0,4.999953606,4.999907212,9,0.050534964,20
1457080223,29.94353604,0,4.999953606,4.999907212,9,0.051228046,21
1457080228,29.91075492,0,4.999953606,4.999907212,9,0.083969116,22
1457080233,29.91233993,0,4.999953606,4.999907212,9,0.082486153,23
1457080238,29.94843292,0,4.999953606,4.999907212,9,0.046430111,24
1457080243,29.94458508,0,4.999953606,4.999907212,9,0.050153017,25
1457080248,29.94684792,0,4.999953606,4.999907212,9,0.047970057,26
1457080253,29.94558406,0,4.999953606,4.999907212,9,0.049212933,27
1457080258,29.92837405,0,4.999953606,4.999907212,9,0.06643796,28
1457080263,29.95726395,0,4.999953606,4.999907212,9,0.037373066,29
1457080268,29.93751192,0,4.999953606,4.999907212,9,0.057275057,30
1457080273,29.94337511,0,4.999953606,4.999907212,9,0.051427841,31
1457080278,29.93206501,0,4.999953606,4.999907212,9,0.062750101,32
1457080283,29.93552709,0,4.999953606,4.999907212,9,0.059181929,33
1457080288,29.96436405,0,4.999953606,4.999907212,9,0.03046298,34
1457080293,29.92364502,0,4.999953606,4.999907212,9,0.071199894,35
1457080298,29.93197799,0,4.999953606,4.999907212,9,0.062878132,36
1457080303,29.92592812,0,4.999953606,4.999907212,9,0.068858862,37
1457080308,29.94131207,0,4.999953606,4.999907212,9,0.053488016,38
1457080313,29.93693805,0,4.999953606,4.999907212,9,0.05793786,39
1457080318,29.94796109,0,4.999953606,4.999907212,9,0.046873808,40
1457080323,29.95336795,0,4.999953606,4.999907212,9,0.041438103,41
1457080328,29.91001797,0,4.999953606,4.999907212,9,0.084733009,42
1457080333,29.93396401,0,4.999953606,4.999907212,9,0.060884953,43
1457080338,29.94602489,0,4.999953606,4.999907212,9,0.048807144,44
1457080343,29.91824698,0,4.999953606,4.999907212,9,0.076570034,45
1457080348,29.93797493,0,4.999953606,4.999907212,9,0.056815147,46
1457080353,29.94605398,0,4.999953606,4.999907212,9,0.048717976,47
1457080358,29.91125107,0,4.999953606,4.999907212,9,0.083578825,48
1457080363,29.90900707,0,4.999953606,4.999907212,9,0.085819006,49
1457080368,29.9387579,0,4.999953606,4.999907212,9,0.055947065,50
1457080373,29.95236707,0,4.999953606,4.999907212,9,0.042461872,51
1457080378,29.93873811,0,4.999953606,4.999907212,9,0.055984974,52
1457080383,29.94608307,0,4.999953606,4.999907212,9,0.048701048,53
1457080388,29.92707896,0,4.999953606,4.999907212,9,0.067656994,54
1457080393,29.94584799,0,4.999953606,4.999907212,9,0.048985004,55
1457080398,29.93243504,0,4.999953606,4.999907212,9,0.062386036,56
1457080403,29.9712429,0,4.999953606,4.999907212,9,0.023560047,57
1457080408,29.94024992,0,4.999953606,4.999907212,9,0.054444075,58
1457080413,29.94582701,0,4.999953606,4.999907212,9,0.049014091,59
1457080418,29.85057902,0,4.999953606,4.999907212,9,0.144206047,60
1457080423,29.93076706,0,4.999953606,4.999907212,9,0.0640769,61
1457080428,29.93702602,0,4.999953606,4.999907212,9,0.057796001,62
1457080433,29.95444512,0,4.999953606,4.999907212,9,0.040387869,63
1457080438,29.95921111,0,4.999953606,4.999907212,9,0.035606861,64
1457080443,29.95251703,0,4.999953606,4.999907212,9,0.042258978,65
1457080448,29.9594841,0,4.999953606,4.999907212,9,0.03531599,66
1457080453,29.96306801,0,4.999953606,4.999907212,9,0.03175211,67
1457080458,29.93420792,0,4.999953606,4.999907212,9,0.060578108,68
1457080463,29.92251706,0,4.999953606,4.999907212,9,0.072316885,69
1457080468,29.92031908,0,4.999953606,4.999907212,9,0.074497938,70
1457080473,29.92517495,0,4.999953606,4.999907212,9,0.069674969,71
1457080478,29.93512893,0,4.999953606,4.999907212,9,0.059643984,72
1457080483,29.93885803,0,4.999953606,4.999907212,9,0.055921078,73
1457080488,29.95786309,0,4.999953606,4.999907212,9,0.036902905,74
1457080493,29.95381308,0,4.999953606,4.999907212,9,0.041013956,75
1457080498,29.973948,0,4.999953606,4.999907212,9,0.020858049,76
1457080503,29.97717094,0,4.999953606,4.999907212,9,0.017604113,77
1457080508,29.96620393,0,4.999953606,4.999907212,9,0.028558969,78
1457080513,29.96210289,0,4.999953606,4.999907212,9,0.032618999,79
1457080518,29.96188807,0,4.999953606,4.999907212,9,0.032877922,80
1457080523,29.95809698,0,4.999953606,4.999907212,9,0.036623001,81
1457080528,29.94657898,0,4.999953606,4.999907212,9,0.048174143,82
1457080533,29.9494369,0,4.999953606,4.999907212,9,0.045377016,83
1457080538,29.91943312,0,4.999953606,4.999907212,9,0.075382948,84
1457080543,29.93372607,0,4.999953606,4.999907212,9,0.061080933,85
1457080548,29.91963506,0,4.999953606,4.999907212,9,0.075173855,86
1457080553,29.96054697,0,4.999953606,4.999907212,9,0.034316063,87
1457080558,29.94191003,0,4.999953606,4.999907212,9,0.05290699,88
1457080563,29.96959591,0,4.999953606,4.999907212,9,0.025150061,89
1457080568,29.96710706,0,4.999953606,4.999907212,9,0.027675867,90
1457080573,29.96557593,0,4.999953606,4.999907212,9,0.029208183,91
1457080578,29.89486289,0,4.999953606,4.999907212,9,0.099938154,92
1457080583,29.88456798,0,4.999953606,4.999907212,9,0.110295057,93
1457080588,29.95093012,0,4.999953606,4.999907212,9,0.043913841,94
1457080593,29.95242906,0,4.999953606,4.999907212,9,0.042392015,95
1457080598,29.96468091,0,4.999953606,4.999907212,9,0.028391123,96
1457080603,29.96480703,0,4.999953606,4.999907212,9,0.029994965,97
1457080608,29.95529103,0,4.999953606,4.999907212,9,0.039466858,98
1457080613,29.94352102,0,4.999953606,4.999907212,9,0.05123806,99
1457080618,29.92577004,0,4.999953606,4.999907212,9,0.068985939,100
1457080623,29.93175197,0,4.999953606,4.999907212,9,0.06308198,101
1457080628,29.9382031,0,4.999953606,4.999907212,9,0.056435823,102
1457080633,29.94289112,0,4.999953606,4.999907212,9,0.05192399,103
1457080638,29.93800592,0,4.999953606,4.999907212,9,0.056794167,104
1457080643,29.94391108,0,4.999953606,4.999907212,9,0.050894022,105
1457080648,29.9307971,0,4.999953606,4.999907212,9,0.06398201,106
1457080653,29.94874811,0,4.999953606,4.999907212,9,0.046105862,107
1457080658,29.9297061,0,4.999953606,4.999907212,9,0.064788818,108
1457080663,29.93396401,0,4.999953606,4.999907212,9,0.060843945,109
1457080668,29.90980196,0,4.999953606,4.999907212,9,0.084928989,110
1457080673,29.92554212,0,4.999953606,4.999907212,9,0.069340944,111
1457080678,29.92618895,0,4.999953606,4.999907212,9,0.068619967,112
1457080683,29.93757296,0,4.999953606,4.999907212,9,0.057232141,113
1457080688,29.94177294,0,4.999953606,4.999907212,9,0.053022146,114
1457080693,29.95157099,0,4.999953606,4.999907212,9,0.042442083,115
1457080698,29.97750902,0,4.999953606,4.999907212,9,0.017263889,116
1457080703,29.97651005,0,4.999953606,4.999907212,9,0.018262863,117
1457080708,29.966851,0,4.999953606,4.999907212,9,0.027879,118
1457080713,29.97895908,0,4.999953606,4.999907212,9,0.015823841,119
