TS,Buffer,Freezing,QoE1,QoE2,Representation,Response,Server,ChunkID
1456865221.876329,4.908638000488281,0,3.79397689936283,2.5879537987256596,4,0.09123396873474121,104.155.17.18,0
1456865221.983612,9.801354885101318,0,4.9999536060530145,4.999907212106029,9,0.10686302185058594,104.155.17.18,1
1456865222.045515,14.739451885223389,0,4.9999536060530145,4.999907212106029,9,0.061509132385253906,104.155.17.18,2
1456865222.127414,19.65755295753479,0,4.9999536060530145,4.999907212106029,9,0.0815880298614502,104.155.17.18,3
1456865222.245083,24.539883852005005,0,4.9999536060530145,4.999907212106029,9,0.11728215217590332,104.155.17.18,4
1456865222.364549,29.42041802406311,0,4.9999536060530145,4.999907212106029,9,0.11905884742736816,104.155.17.18,5
1456865226.921181,29.863785982131958,0,4.9999536060530145,4.999907212106029,9,0.1312088966369629,104.155.17.18,6
1456865231.867634,29.917332887649536,0,4.9999536060530145,4.999907212106029,9,0.07715511322021484,104.155.17.18,7
1456865236.909208,29.87575888633728,0,4.9999536060530145,4.999907212106029,9,0.11872601509094238,104.155.17.18,8
1456865241.961374,29.82359290122986,0,4.9999536060530145,4.999907212106029,9,0.1709301471710205,104.155.17.18,9
1456865246.949855,29.83511185646057,0,4.9999536060530145,4.999907212106029,9,0.15935516357421875,104.155.17.18,10
1456865251.904772,29.880194902420044,0,4.9999536060530145,4.999907212106029,9,0.11444592475891113,104.155.17.18,11
1456865256.892576,29.892390966415405,0,4.9999536060530145,4.999907212106029,9,0.10210609436035156,104.155.17.18,12
1456865261.85983,29.925137042999268,0,4.9999536060530145,4.999907212106029,9,0.06930685043334961,104.155.17.18,13
1456865266.848229,29.93673801422119,0,4.9999536060530145,4.999907212106029,9,0.0576939582824707,104.155.17.18,14
1456865271.98257,29.80239701271057,0,4.9999536060530145,4.999907212106029,9,0.1920149326324463,104.155.17.18,15
1456865276.895618,29.88934898376465,0,4.9999536060530145,4.999907212106029,9,0.10518884658813477,104.155.17.18,16
1456865281.876646,29.908320903778076,0,4.9999536060530145,4.999907212106029,9,0.08617401123046875,104.155.17.18,17
1456865286.883057,29.901909828186035,0,4.9999536060530145,4.999907212106029,9,0.09255123138427734,104.155.17.18,18
1456865291.873922,29.91104483604431,0,4.9999536060530145,4.999907212106029,9,0.08335208892822266,104.155.17.18,19
1456865296.90127,29.883697032928467,0,4.9999536060530145,4.999907212106029,9,0.11071991920471191,104.155.17.18,20
1456865301.882916,29.902050971984863,0,4.9999536060530145,4.999907212106029,9,0.09229803085327148,104.155.17.18,21
1456865306.883634,29.90133285522461,0,4.9999536060530145,4.999907212106029,9,0.09316205978393555,104.155.17.18,22
1456865311.979279,29.80568790435791,0,4.9999536060530145,4.999907212106029,9,0.1888260841369629,104.155.17.18,23
1456865316.890276,29.894690990447998,0,4.9999536060530145,4.999907212106029,9,0.09998488426208496,104.155.17.18,24
1456865321.921684,29.863282918930054,0,4.9999536060530145,4.999907212106029,9,0.13132405281066895,104.155.17.18,25
1456865326.914297,29.870669841766357,0,4.9999536060530145,4.999907212106029,9,0.12392210960388184,104.155.17.18,26
1456865331.829864,29.955102920532227,0,4.9999536060530145,4.999907212106029,9,0.039379119873046875,104.155.17.18,27
1456865336.82646,29.95850706100464,0,4.9999536060530145,4.999907212106029,9,0.03595590591430664,104.155.17.18,28
1456865341.818299,29.966667890548706,0,4.9999536060530145,4.999907212106029,9,0.02777099609375,104.155.17.18,29
1456865346.826343,29.9586238861084,0,4.9999536060530145,4.999907212106029,9,0.03573203086853027,104.155.17.18,30
1456865351.816082,29.96888494491577,0,4.9999536060530145,4.999907212106029,9,0.02548694610595703,104.155.17.18,31
1456865356.842507,29.94246006011963,0,4.9999536060530145,4.999907212106029,9,0.05193495750427246,104.155.17.18,32
1456865361.832554,29.952412843704224,0,4.9999536060530145,4.999907212106029,9,0.04205513000488281,104.155.17.18,33
1456865366.808606,29.97636103630066,0,4.9999536060530145,4.999907212106029,9,0.018085956573486328,104.155.17.18,34
1456865371.839986,29.94498085975647,0,4.9999536060530145,4.999907212106029,9,0.049491167068481445,104.155.17.18,35
1456865376.848342,29.936625003814697,0,4.9999536060530145,4.999907212106029,9,0.057701826095581055,104.155.17.18,36
1456865381.833165,29.951802015304565,0,4.9999536060530145,4.999907212106029,9,0.04271697998046875,104.155.17.18,37
1456865386.837577,29.947389841079712,0,4.9999536060530145,4.999907212106029,9,0.04710817337036133,104.155.17.18,38
1456865391.828631,29.95633602142334,0,4.9999536060530145,4.999907212106029,9,0.03816485404968262,104.155.17.18,39
1456865396.820331,29.964635848999023,0,4.9999536060530145,4.999907212106029,9,0.029955148696899414,104.155.17.18,40
1456865401.825352,29.959614992141724,0,4.9999536060530145,4.999907212106029,9,0.034886837005615234,104.155.17.18,41
1456865406.840895,29.944072008132935,0,4.9999536060530145,4.999907212106029,9,0.05046701431274414,104.155.17.18,42
1456865411.824941,29.960026025772095,0,4.9999536060530145,4.999907212106029,9,0.034474849700927734,104.155.17.18,43
1456865416.828712,29.956254959106445,0,4.9999536060530145,4.999907212106029,9,0.03814291954040527,104.155.17.18,44
1456865421.838125,29.946841955184937,0,4.9999536060530145,4.999907212106029,9,0.047698020935058594,104.155.17.18,45
1456865426.82195,29.963016986846924,0,4.9999536060530145,4.999907212106029,9,0.031540870666503906,104.155.17.18,46
1456865431.822219,29.962748050689697,0,4.9999536060530145,4.999907212106029,9,0.031822919845581055,104.155.17.18,47
1456865436.853511,29.931455850601196,0,4.9999536060530145,4.999907212106029,9,0.0630950927734375,104.155.17.18,48
1456865441.830546,29.954421043395996,0,4.9999536060530145,4.999907212106029,9,0.040120840072631836,104.155.17.18,49
1456865446.82375,29.961216926574707,0,4.9999536060530145,4.999907212106029,9,0.033277034759521484,104.155.17.18,50
1456865451.835334,29.9496328830719,0,4.9999536060530145,4.999907212106029,9,0.044773101806640625,104.155.17.18,51
1456865456.83054,29.954427003860474,0,4.9999536060530145,4.999907212106029,9,0.04000401496887207,104.155.17.18,52
1456865461.825313,29.959653854370117,0,4.9999536060530145,4.999907212106029,9,0.03476309776306152,104.155.17.18,53
1456865466.842801,29.942165851593018,0,4.9999536060530145,4.999907212106029,9,0.052169084548950195,104.155.17.18,54
1456865471.82606,29.958906888961792,0,4.9999536060530145,4.999907212106029,9,0.03556108474731445,104.155.17.18,55
1456865476.829167,29.95580005645752,0,4.9999536060530145,4.999907212106029,9,0.03872084617614746,104.155.17.18,56
1456865481.816319,29.968647956848145,0,4.9999536060530145,4.999907212106029,9,0.02583909034729004,104.155.17.18,57
1456865486.820335,29.964632034301758,0,4.9999536060530145,4.999907212106029,9,0.029831886291503906,104.155.17.18,58
1456865491.829783,29.95518398284912,0,4.9999536060530145,4.999907212106029,9,0.03923392295837402,104.155.17.18,59
1456865496.908661,29.87630605697632,0,4.9999536060530145,4.999907212106029,9,0.11815381050109863,104.155.17.18,60
1456865501.820337,29.964629888534546,0,4.9999536060530145,4.999907212106029,9,0.02978515625,104.155.17.18,61
1456865506.822541,29.96242594718933,0,4.9999536060530145,4.999907212106029,9,0.03196001052856445,104.155.17.18,62
1456865511.823684,29.961282968521118,0,4.9999536060530145,4.999907212106029,9,0.0332179069519043,104.155.17.18,63
1456865516.82672,29.95824694633484,0,4.9999536060530145,4.999907212106029,9,0.036212921142578125,104.155.17.18,64
1456865521.821428,29.963538885116577,0,4.9999536060530145,4.999907212106029,9,0.030946016311645508,104.155.17.18,65
1456865526.81445,29.97051692008972,0,4.9999536060530145,4.999907212106029,9,0.023927927017211914,104.155.17.18,66
1456865531.812372,29.97259497642517,0,4.9999536060530145,4.999907212106029,9,0.021756887435913086,104.155.17.18,67
1456865536.845529,29.939437866210938,0,4.9999536060530145,4.999907212106029,9,0.05501103401184082,104.155.17.18,68
1456865541.841249,29.94371795654297,0,4.9999536060530145,4.999907212106029,9,0.05078887939453125,104.155.17.18,69
1456865546.846335,29.938632011413574,0,4.9999536060530145,4.999907212106029,9,0.055893898010253906,104.155.17.18,70
1456865551.859918,29.925048828125,0,4.9999536060530145,4.999907212106029,9,0.06946206092834473,104.155.17.18,71
1456865556.870379,29.91458797454834,0,4.9999536060530145,4.999907212106029,9,0.08003997802734375,104.155.17.18,72
1456865561.835789,29.949177980422974,0,4.9999536060530145,4.999907212106029,9,0.04536294937133789,104.155.17.18,73
1456865566.825045,29.959921836853027,0,4.9999536060530145,4.999907212106029,9,0.03452920913696289,104.155.17.18,74
1456865571.821018,29.963948965072632,0,4.9999536060530145,4.999907212106029,9,0.030540943145751953,104.155.17.18,75
1456865576.81619,29.96877694129944,0,4.9999536060530145,4.999907212106029,9,0.025650978088378906,104.155.17.18,76
1456865581.810983,29.973984003067017,0,4.9999536060530145,4.999907212106029,9,0.02040886878967285,104.155.17.18,77
1456865586.821595,29.963371992111206,0,4.9999536060530145,4.999907212106029,9,0.030952930450439453,104.155.17.18,78
1456865591.819248,29.965718984603882,0,4.9999536060530145,4.999907212106029,9,0.028768062591552734,104.155.17.18,79
1456865596.817186,29.967780828475952,0,4.9999536060530145,4.999907212106029,9,0.02674412727355957,104.155.17.18,80
1456865601.824288,29.960679054260254,0,4.9999536060530145,4.999907212106029,9,0.033833980560302734,104.155.17.18,81
1456865606.829286,29.95568084716797,0,4.9999536060530145,4.999907212106029,9,0.03887510299682617,104.155.17.18,82
1456865611.828208,29.956758975982666,0,4.9999536060530145,4.999907212106029,9,0.03785991668701172,104.155.17.18,83
1456865616.86616,29.91880702972412,0,4.9999536060530145,4.999907212106029,9,0.07578396797180176,104.155.17.18,84
1456865621.840864,29.944103002548218,0,4.9999536060530145,4.999907212106029,9,0.0504460334777832,104.155.17.18,85
1456865626.84746,29.937506914138794,0,4.9999536060530145,4.999907212106029,9,0.05696392059326172,104.155.17.18,86
1456865631.814573,29.970393896102905,0,4.9999536060530145,4.999907212106029,9,0.024107933044433594,104.155.17.18,87
1456865636.83436,29.95060706138611,0,4.9999536060530145,4.999907212106029,9,0.04398798942565918,104.155.17.18,88
1456865641.815652,29.96931505203247,0,4.9999536060530145,4.999907212106029,9,0.025249958038330078,104.155.17.18,89
1456865646.818158,29.966809034347534,0,4.9999536060530145,4.999907212106029,9,0.02779698371887207,104.155.17.18,90
1456865651.824864,29.960103034973145,0,4.9999536060530145,4.999907212106029,9,0.034477949142456055,104.155.17.18,91
1456865656.858019,29.926947832107544,0,4.9999536060530145,4.999907212106029,9,0.06759810447692871,104.155.17.18,92
1456865661.850118,29.93484902381897,0,4.9999536060530145,4.999907212106029,9,0.05963301658630371,104.155.17.18,93
1456865666.816512,29.968454837799072,0,4.9999536060530145,4.999907212106029,9,0.026131153106689453,104.155.17.18,94
1456865671.819045,29.965921878814697,0,4.9999536060530145,4.999907212106029,9,0.028655052185058594,104.155.17.18,95
1456865676.808926,29.976040840148926,0,4.9999536060530145,4.999907212106029,9,0.02073812484741211,104.155.17.18,96
1456865681.815823,29.969143867492676,0,4.9999536060530145,4.999907212106029,9,0.025385141372680664,104.155.17.18,97
1456865686.811414,29.973552942276,0,4.9999536060530145,4.999907212106029,9,0.020848989486694336,104.155.17.18,98
1456865691.826279,29.958688020706177,0,4.9999536060530145,4.999907212106029,9,0.03570389747619629,104.155.17.18,99
1456865696.836177,29.948789834976196,0,4.9999536060530145,4.999907212106029,9,0.04552006721496582,104.155.17.18,100
1456865701.848403,29.936563968658447,0,4.9999536060530145,4.999907212106029,9,0.05784797668457031,104.155.17.18,101
1456865706.833404,29.951562881469727,0,4.9999536060530145,4.999907212106029,9,0.04276895523071289,104.155.17.18,102
1456865711.83479,29.95017695426941,0,4.9999536060530145,4.999907212106029,9,0.044137001037597656,104.155.17.18,103
1456865716.856252,29.928714990615845,0,4.9999536060530145,4.999907212106029,9,0.06584906578063965,104.155.17.18,104
1456865721.838807,29.946159839630127,0,4.9999536060530145,4.999907212106029,9,0.04836416244506836,104.155.17.18,105
1456865726.840536,29.944430828094482,0,4.9999536060530145,4.999907212106029,9,0.05012321472167969,104.155.17.18,106
1456865731.825422,29.959544897079468,0,4.9999536060530145,4.999907212106029,9,0.03509807586669922,104.155.17.18,107
1456865736.829999,29.954967975616455,0,4.9999536060530145,4.999907212106029,9,0.0395350456237793,104.155.17.18,108
1456865741.838003,29.946964025497437,0,4.9999536060530145,4.999907212106029,9,0.04747200012207031,104.155.17.18,109
1456865746.828501,29.95646595954895,0,4.9999536060530145,4.999907212106029,9,0.03795003890991211,104.155.17.18,110
1456865751.844891,29.940075874328613,0,4.9999536060530145,4.999907212106029,9,0.054377079010009766,104.155.17.18,111
1456865756.83752,29.947447061538696,0,4.9999536060530145,4.999907212106029,9,0.047122955322265625,104.155.17.18,112
1456865761.8256,29.959367036819458,0,4.9999536060530145,4.999907212106029,9,0.03517484664916992,104.155.17.18,113
1456865766.818745,29.966222047805786,0,4.9999536060530145,4.999907212106029,9,0.028343915939331055,104.155.17.18,114
1456865771.812545,29.972421884536743,0,4.9999536060530145,4.999907212106029,9,0.022003173828125,104.155.17.18,115
1456865776.809658,29.975308895111084,0,4.9999536060530145,4.999907212106029,9,0.01914811134338379,104.155.17.18,116
1456865781.808521,29.97644591331482,0,4.9999536060530145,4.999907212106029,9,0.018088102340698242,104.155.17.18,117
1456865786.813458,29.971508979797363,0,4.9999536060530145,4.999907212106029,9,0.023012876510620117,104.155.17.18,118
1456865791.801444,29.98352289199829,0,4.9999536060530145,4.999907212106029,9,0.010986089706420898,104.155.17.18,119
1456865796.817004,4.983129978179932,0,3.79397689936283,2.5879537987256596,4,0.01661992073059082,104.155.17.18,0
1456865796.854261,9.945873022079468,0,4.9999536060530145,4.999907212106029,9,0.03699803352355957,104.155.17.18,1
1456865796.88036,14.919774055480957,0,4.9999536060530145,4.999907212106029,9,0.025726795196533203,104.155.17.18,2
1456865796.903346,19.896787881851196,0,4.9999536060530145,4.999907212106029,9,0.022729158401489258,104.155.17.18,3
1456865796.961527,24.83860683441162,0,4.9999536060530145,4.999907212106029,9,0.05783200263977051,104.155.17.18,4
1456865797.017131,29.783002853393555,0,4.9999536060530145,4.999907212106029,9,0.0551609992980957,104.155.17.18,5
1456865801.842346,29.95778799057007,0,4.9999536060530145,4.999907212106029,9,0.03701591491699219,104.155.17.18,6
1456865806.826916,29.973217964172363,0,4.9999536060530145,4.999907212106029,9,0.021310091018676758,104.155.17.18,7
1456865811.834859,29.965275049209595,0,4.9999536060530145,4.999907212106029,9,0.029222965240478516,104.155.17.18,8
1456865816.842421,29.95771288871765,0,4.9999536060530145,4.999907212106029,9,0.03673505783081055,104.155.17.18,9
1456865821.838305,29.96182894706726,0,4.9999536060530145,4.999907212106029,9,0.032540082931518555,104.155.17.18,10
1456865826.832916,29.967217922210693,0,4.9999536060530145,4.999907212106029,9,0.027328968048095703,104.155.17.18,11
1456865831.831752,29.968381881713867,0,4.9999536060530145,4.999907212106029,9,0.026206016540527344,104.155.17.18,12
1456865836.847015,29.953119039535522,0,4.9999536060530145,4.999907212106029,9,0.041400909423828125,104.155.17.18,13
1456865841.848216,29.95191788673401,0,4.9999536060530145,4.999907212106029,9,0.04271101951599121,104.155.17.18,14
1456865846.869795,29.930338859558105,0,4.9999536060530145,4.999907212106029,9,0.0642390251159668,104.155.17.18,15
1456865851.839982,29.96015191078186,0,4.9999536060530145,4.999907212106029,9,0.03436994552612305,104.155.17.18,16
1456865856.829948,29.97018599510193,0,4.9999536060530145,4.999907212106029,9,0.024342060089111328,104.155.17.18,17
1456865861.830131,29.97000288963318,0,4.9999536060530145,4.999907212106029,9,0.024361133575439453,104.155.17.18,18
1456865866.835311,29.964823007583618,0,4.9999536060530145,4.999907212106029,9,0.029518842697143555,104.155.17.18,19
1456865871.852489,29.94764494895935,0,4.9999536060530145,4.999907212106029,9,0.046720027923583984,104.155.17.18,20
1456865876.839333,29.960800886154175,0,4.9999536060530145,4.999907212106029,9,0.03369307518005371,104.155.17.18,21
1456865881.845203,29.954931020736694,0,4.9999536060530145,4.999907212106029,9,0.03947591781616211,104.155.17.18,22
1456865886.891089,29.909044981002808,0,4.9999536060530145,4.999907212106029,9,0.08544206619262695,104.155.17.18,23
1456865891.848835,29.95129895210266,0,4.9999536060530145,4.999907212106029,9,0.04320788383483887,104.155.17.18,24
1456865896.850955,29.94917893409729,0,4.9999536060530145,4.999907212106029,9,0.04490399360656738,104.155.17.18,25
1456865901.845238,29.954895973205566,0,4.9999536060530145,4.999907212106029,9,0.03962588310241699,104.155.17.18,26
1456865906.853723,29.94641089439392,0,4.9999536060530145,4.999907212106029,9,0.048187971115112305,104.155.17.18,27
1456865911.84705,29.953083992004395,0,4.9999536060530145,4.999907212106029,9,0.041455984115600586,104.155.17.18,28
1456865916.844003,29.956130981445312,0,4.9999536060530145,4.999907212106029,9,0.03845500946044922,104.155.17.18,29
1456865921.862117,29.938016891479492,0,4.9999536060530145,4.999907212106029,9,0.056520938873291016,104.155.17.18,30
1456865926.829992,29.970141887664795,0,4.9999536060530145,4.999907212106029,9,0.024393081665039062,104.155.17.18,31
1456865931.845791,29.95434284210205,0,4.9999536060530145,4.999907212106029,9,0.0400700569152832,104.155.17.18,32
1456865936.853508,29.94662594795227,0,4.9999536060530145,4.999907212106029,9,0.047799110412597656,104.155.17.18,33
1456865941.828437,29.971696853637695,0,4.9999536060530145,4.999907212106029,9,0.022706031799316406,104.155.17.18,34
1456865946.853988,29.94614601135254,0,4.9999536060530145,4.999907212106029,9,0.04822087287902832,104.155.17.18,35
1456865951.850829,29.949305057525635,0,4.9999536060530145,4.999907212106029,9,0.04508495330810547,104.155.17.18,36
1456865956.852435,29.947698831558228,0,4.9999536060530145,4.999907212106029,9,0.04661917686462402,104.155.17.18,37
1456865961.848811,29.95132303237915,0,4.9999536060530145,4.999907212106029,9,0.04311084747314453,104.155.17.18,38
1456865966.838882,29.961251974105835,0,4.9999536060530145,4.999907212106029,9,0.0332489013671875,104.155.17.18,39
1456865971.844219,29.955914974212646,0,4.9999536060530145,4.999907212106029,9,0.0385129451751709,104.155.17.18,40
1456865976.849755,29.950378894805908,0,4.9999536060530145,4.999907212106029,9,0.04404616355895996,104.155.17.18,41
1456865981.854353,29.945780992507935,0,4.9999536060530145,4.999907212106029,9,0.04870796203613281,104.155.17.18,42
1456865986.843789,29.956344842910767,0,4.9999536060530145,4.999907212106029,9,0.038123130798339844,104.155.17.18,43
1456865991.841638,29.95849585533142,0,4.9999536060530145,4.999907212106029,9,0.0359041690826416,104.155.17.18,44
1456865996.847967,29.95216703414917,0,4.9999536060530145,4.999907212106029,9,0.04232597351074219,104.155.17.18,45
1456866001.846526,29.95360803604126,0,4.9999536060530145,4.999907212106029,9,0.04093480110168457,104.155.17.18,46
1456866006.848409,29.951725006103516,0,4.9999536060530145,4.999907212106029,9,0.04281902313232422,104.155.17.18,47
1456866011.864998,29.93513584136963,0,4.9999536060530145,4.999907212106029,9,0.059403181076049805,104.155.17.18,48
1456866016.857727,29.94240689277649,0,4.9999536060530145,4.999907212106029,9,0.05193209648132324,104.155.17.18,49
1456866021.839435,29.96069884300232,0,4.9999536060530145,4.999907212106029,9,0.03373003005981445,104.155.17.18,50
1456866026.846446,29.95368790626526,0,4.9999536060530145,4.999907212106029,9,0.040740013122558594,104.155.17.18,51
1456866031.845306,29.954828023910522,0,4.9999536060530145,4.999907212106029,9,0.03967881202697754,104.155.17.18,52
1456866036.838072,29.962061882019043,0,4.9999536060530145,4.999907212106029,9,0.03238415718078613,104.155.17.18,53
1456866041.854654,29.94547986984253,0,4.9999536060530145,4.999907212106029,9,0.048899173736572266,104.155.17.18,54
1456866046.855208,29.944926023483276,0,4.9999536060530145,4.999907212106029,9,0.04951786994934082,104.155.17.18,55
1456866051.849972,29.950161933898926,0,4.9999536060530145,4.999907212106029,9,0.04422712326049805,104.155.17.18,56
1456866056.830075,29.970058917999268,0,4.9999536060530145,4.999907212106029,9,0.02422809600830078,104.155.17.18,57
1456866061.836785,29.963348865509033,0,4.9999536060530145,4.999907212106029,9,0.031074047088623047,104.155.17.18,58
1456866066.836852,29.963281869888306,0,4.9999536060530145,4.999907212106029,9,0.031013011932373047,104.155.17.18,59
1456866071.92324,29.876893997192383,0,4.9999536060530145,4.999907212106029,9,0.11740589141845703,104.155.17.18,60
1456866076.834355,29.965778827667236,0,4.9999536060530145,4.999907212106029,9,0.028811216354370117,104.155.17.18,61
1456866081.847795,29.952338933944702,0,4.9999536060530145,4.999907212106029,9,0.042176008224487305,104.155.17.18,62
1456866086.841613,29.958520889282227,0,4.9999536060530145,4.999907212106029,9,0.03592705726623535,104.155.17.18,63
1456866091.840394,29.959739923477173,0,4.9999536060530145,4.999907212106029,9,0.034780025482177734,104.155.17.18,64
1456866096.843675,29.956459045410156,0,4.9999536060530145,4.999907212106029,9,0.03802895545959473,104.155.17.18,65
1456866101.833898,29.966235876083374,0,4.9999536060530145,4.999907212106029,9,0.02823805809020996,104.155.17.18,66
1456866106.833578,29.96655583381653,0,4.9999536060530145,4.999907212106029,9,0.027943134307861328,104.155.17.18,67
1456866111.856191,29.94394302368164,0,4.9999536060530145,4.999907212106029,9,0.05053091049194336,104.155.17.18,68
1456866116.857795,29.942338943481445,0,4.9999536060530145,4.999907212106029,9,0.05216693878173828,104.155.17.18,69
1456866121.857364,29.94277000427246,0,4.9999536060530145,4.999907212106029,9,0.05175900459289551,104.155.17.18,70
1456866126.856254,29.94387984275818,0,4.9999536060530145,4.999907212106029,9,0.050640106201171875,104.155.17.18,71
1456866131.840353,29.95978093147278,0,4.9999536060530145,4.999907212106029,9,0.03466510772705078,104.155.17.18,72
1456866136.853935,29.9461989402771,0,4.9999536060530145,4.999907212106029,9,0.04830288887023926,104.155.17.18,73
1456866141.837289,29.962844848632812,0,4.9999536060530145,4.999907212106029,9,0.03168511390686035,104.155.17.18,74
1456866146.830992,29.969141960144043,0,4.9999536060530145,4.999907212106029,9,0.02539205551147461,104.155.17.18,75
1456866151.829007,29.971127033233643,0,4.9999536060530145,4.999907212106029,9,0.023478984832763672,104.155.17.18,76
1456866156.820013,29.98012089729309,0,4.9999536060530145,4.999907212106029,9,0.014369010925292969,104.155.17.18,77
1456866161.830301,29.96983289718628,0,4.9999536060530145,4.999907212106029,9,0.02471613883972168,104.155.17.18,78
1456866166.831614,29.968519926071167,0,4.9999536060530145,4.999907212106029,9,0.025962114334106445,104.155.17.18,79
1456866171.829941,29.970192909240723,0,4.9999536060530145,4.999907212106029,9,0.02423691749572754,104.155.17.18,80
1456866176.834645,29.96548891067505,0,4.9999536060530145,4.999907212106029,9,0.029011964797973633,104.155.17.18,81
1456866181.845164,29.954969882965088,0,4.9999536060530145,4.999907212106029,9,0.039489030838012695,104.155.17.18,82
1456866186.840472,29.959661960601807,0,4.9999536060530145,4.999907212106029,9,0.03461098670959473,104.155.17.18,83
1456866191.886358,29.91377592086792,0,4.9999536060530145,4.999907212106029,9,0.08070611953735352,104.155.17.18,84
1456866196.876077,29.924057006835938,0,4.9999536060530145,4.999907212106029,9,0.07050585746765137,104.155.17.18,85
1456866201.868129,29.932004928588867,0,4.9999536060530145,4.999907212106029,9,0.06254410743713379,104.155.17.18,86
1456866206.832036,29.968097925186157,0,4.9999536060530145,4.999907212106029,9,0.026493072509765625,104.155.17.18,87
1456866211.852112,29.94802188873291,0,4.9999536060530145,4.999907212106029,9,0.04643607139587402,104.155.17.18,88
1456866216.83014,29.969993829727173,0,4.9999536060530145,4.999907212106029,9,0.024552106857299805,104.155.17.18,89
1456866221.83128,29.96885395050049,0,4.9999536060530145,4.999907212106029,9,0.02562689781188965,104.155.17.18,90
1456866226.841717,29.95841693878174,0,4.9999536060530145,4.999907212106029,9,0.036106109619140625,104.155.17.18,91
1456866231.863585,29.936548948287964,0,4.9999536060530145,4.999907212106029,9,0.05789804458618164,104.155.17.18,92
1456866236.860403,29.939730882644653,0,4.9999536060530145,4.999907212106029,9,0.05479598045349121,104.155.17.18,93
1456866241.830396,29.969738006591797,0,4.9999536060530145,4.999907212106029,9,0.024868011474609375,104.155.17.18,94
1456866246.829472,29.970661878585815,0,4.9999536060530145,4.999907212106029,9,0.023832082748413086,104.155.17.18,95
1456866251.82699,29.973144054412842,0,4.9999536060530145,4.999907212106029,9,0.021391868591308594,104.155.17.18,96
1456866256.834786,29.9653480052948,0,4.9999536060530145,4.999907212106029,9,0.029098033905029297,104.155.17.18,97
1456866261.828802,29.97133183479309,0,4.9999536060530145,4.999907212106029,9,0.023124217987060547,104.155.17.18,98
1456866266.841345,29.958788871765137,0,4.9999536060530145,4.999907212106029,9,0.035830020904541016,104.155.17.18,99
1456866271.850096,29.950037956237793,0,4.9999536060530145,4.999907212106029,9,0.044512033462524414,104.155.17.18,100
1456866276.857306,29.942827939987183,0,4.9999536060530145,4.999907212106029,9,0.05171799659729004,104.155.17.18,101
1456866281.845818,29.954315900802612,0,4.9999536060530145,4.999907212106029,9,0.04015207290649414,104.155.17.18,102
1456866286.863314,29.936820030212402,0,4.9999536060530145,4.999907212106029,9,0.057646989822387695,104.155.17.18,103
1456866291.857505,29.942628860473633,0,4.9999536060530145,4.999907212106029,9,0.05196118354797363,104.155.17.18,104
1456866296.848619,29.951514959335327,0,4.9999536060530145,4.999907212106029,9,0.04305887222290039,104.155.17.18,105
1456866301.848055,29.95207905769348,0,4.9999536060530145,4.999907212106029,9,0.042465925216674805,104.155.17.18,106
1456866306.83687,29.963263988494873,0,4.9999536060530145,4.999907212106029,9,0.03545188903808594,104.155.17.18,107
1456866311.849429,29.95070505142212,0,4.9999536060530145,4.999907212106029,9,0.04357099533081055,104.155.17.18,108
1456866316.850271,29.949862957000732,0,4.9999536060530145,4.999907212106029,9,0.04464101791381836,104.155.17.18,109
1456866321.846927,29.95320701599121,0,4.9999536060530145,4.999907212106029,9,0.04121589660644531,104.155.17.18,110
1456866326.852468,29.94766592979431,0,4.9999536060530145,4.999907212106029,9,0.046838998794555664,104.155.17.18,111
1456866331.855097,29.94503688812256,0,4.9999536060530145,4.999907212106029,9,0.04947996139526367,104.155.17.18,112
1456866336.842586,29.957547903060913,0,4.9999536060530145,4.999907212106029,9,0.036985158920288086,104.155.17.18,113
1456866341.839474,29.960659980773926,0,4.9999536060530145,4.999907212106029,9,0.03366398811340332,104.155.17.18,114
1456866346.834291,29.965842962265015,0,4.9999536060530145,4.999907212106029,9,0.028404951095581055,104.155.17.18,115
1456866351.819608,29.980525970458984,0,4.9999536060530145,4.999907212106029,9,0.013860940933227539,104.155.17.18,116
1456866356.823082,29.977051973342896,0,4.9999536060530145,4.999907212106029,9,0.01743292808532715,104.155.17.18,117
1456866361.832003,29.968130826950073,0,4.9999536060530145,4.999907212106029,9,0.02633500099182129,104.155.17.18,118
1456866366.816635,29.98349905014038,0,4.9999536060530145,4.999907212106029,9,0.010963916778564453,104.155.17.18,119
1456866371.836384,4.981374025344849,0,3.79397689936283,2.5879537987256596,4,0.018421173095703125,104.155.17.18,0
1456866371.872813,9.944945096969604,0,4.9999536060530145,4.999907212106029,9,0.03610587120056152,104.155.17.18,1
1456866371.909821,14.907937049865723,0,4.9999536060530145,4.999907212106029,9,0.03662991523742676,104.155.17.18,2
1456866371.930756,19.887001991271973,0,4.9999536060530145,4.999907212106029,9,0.020614147186279297,104.155.17.18,3
1456866371.978273,24.83948516845703,0,4.9999536060530145,4.999907212106029,9,0.0471959114074707,104.155.17.18,4
1456866372.027687,29.7900710105896,0,4.9999536060530145,4.999907212106029,9,0.04913210868835449,104.155.17.18,5
1456866376.867999,29.949759006500244,0,4.9999536060530145,4.999907212106029,9,0.04488015174865723,104.155.17.18,6
1456866381.848937,29.968821048736572,0,4.9999536060530145,4.999907212106029,9,0.02579498291015625,104.155.17.18,7
1456866386.851549,29.966209173202515,0,4.9999536060530145,4.999907212106029,9,0.02837681770324707,104.155.17.18,8
1456866391.865899,29.95185899734497,0,4.9999536060530145,4.999907212106029,9,0.042803049087524414,104.155.17.18,9
1456866396.873478,29.94428014755249,0,4.9999536060530145,4.999907212106029,9,0.05029487609863281,104.155.17.18,10
1456866401.842511,29.975247144699097,0,4.9999536060530145,4.999907212106029,9,0.0192718505859375,104.155.17.18,11
1456866406.855572,29.962186098098755,0,4.9999536060530145,4.999907212106029,9,0.032295942306518555,104.155.17.18,12
1456866411.93651,29.881247997283936,0,4.9999536060530145,4.999907212106029,9,0.11324000358581543,104.155.17.18,13
1456866416.861026,29.956732034683228,0,4.9999536060530145,4.999907212106029,9,0.03759908676147461,104.155.17.18,14
1456866421.893801,29.923957109451294,0,4.9999536060530145,4.999907212106029,9,0.07047796249389648,104.155.17.18,15
1456866426.855712,29.962046146392822,0,4.9999536060530145,4.999907212106029,9,0.03256702423095703,104.155.17.18,16
1456866431.84526,29.972498178482056,0,4.9999536060530145,4.999907212106029,9,0.022024869918823242,104.155.17.18,17
1456866436.856511,29.961246967315674,0,4.9999536060530145,4.999907212106029,9,0.03319501876831055,104.155.17.18,18
1456866441.854327,29.963431119918823,0,4.9999536060530145,4.999907212106029,9,0.031156063079833984,104.155.17.18,19
1456866446.86398,29.95377802848816,0,4.9999536060530145,4.999907212106029,9,0.04083514213562012,104.155.17.18,20
1456866451.85715,29.96060800552368,0,4.9999536060530145,4.999907212106029,9,0.03403496742248535,104.155.17.18,21
1456866456.869879,29.94787907600403,0,4.9999536060530145,4.999907212106029,9,0.046629905700683594,104.155.17.18,22
1456866461.894188,29.923570156097412,0,4.9999536060530145,4.999907212106029,9,0.0709829330444336,104.155.17.18,23
1456866466.866376,29.951382160186768,0,4.9999536060530145,4.999907212106029,9,0.04314398765563965,104.155.17.18,24
1456866471.867007,29.950751066207886,0,4.9999536060530145,4.999907212106029,9,0.043868064880371094,104.155.17.18,25
1456866476.861939,29.955819129943848,0,4.9999536060530145,4.999907212106029,9,0.038739919662475586,104.155.17.18,26
1456866481.86666,29.95109796524048,0,4.9999536060530145,4.999907212106029,9,0.04345107078552246,104.155.17.18,27
1456866486.866029,29.95172905921936,0,4.9999536060530145,4.999907212106029,9,0.04288506507873535,104.155.17.18,28
1456866491.852784,29.96497416496277,0,4.9999536060530145,4.999907212106029,9,0.029552936553955078,104.155.17.18,29
1456866496.876598,29.941160202026367,0,4.9999536060530145,4.999907212106029,9,0.05342578887939453,104.155.17.18,30
1456866501.856682,29.961076021194458,0,4.9999536060530145,4.999907212106029,9,0.03345799446105957,104.155.17.18,31
1456866506.869015,29.948743104934692,0,4.9999536060530145,4.999907212106029,9,0.04581403732299805,104.155.17.18,32
1456866511.866779,29.950978994369507,0,4.9999536060530145,4.999907212106029,9,0.04353809356689453,104.155.17.18,33
1456866516.84522,29.972537994384766,0,4.9999536060530145,4.999907212106029,9,0.021992206573486328,104.155.17.18,34
1456866521.874215,29.943543195724487,0,4.9999536060530145,4.999907212106029,9,0.051039934158325195,104.155.17.18,35
1456866526.879072,29.93868613243103,0,4.9999536060530145,4.999907212106029,9,0.05585885047912598,104.155.17.18,36
1456866531.872688,29.945070028305054,0,4.9999536060530145,4.999907212106029,9,0.0494389533996582,104.155.17.18,37
1456866536.86663,29.951128005981445,0,4.9999536060530145,4.999907212106029,9,0.04329514503479004,104.155.17.18,38
1456866541.863759,29.953999042510986,0,4.9999536060530145,4.999907212106029,9,0.04042196273803711,104.155.17.18,39
1456866546.855097,29.962661027908325,0,4.9999536060530145,4.999907212106029,9,0.03190112113952637,104.155.17.18,40
1456866551.863674,29.954084157943726,0,4.9999536060530145,4.999907212106029,9,0.04040384292602539,104.155.17.18,41
1456866556.87447,29.94328808784485,0,4.9999536060530145,4.999907212106029,9,0.051316022872924805,104.155.17.18,42
1456866561.85503,29.962728023529053,0,4.9999536060530145,4.999907212106029,9,0.0317530632019043,104.155.17.18,43
1456866566.859152,29.958606004714966,0,4.9999536060530145,4.999907212106029,9,0.035943031311035156,104.155.17.18,44
1456866571.875488,29.942270040512085,0,4.9999536060530145,4.999907212106029,9,0.052308082580566406,104.155.17.18,45
1456866576.865375,29.952383041381836,0,4.9999536060530145,4.999907212106029,9,0.042196035385131836,104.155.17.18,46
1456866581.868884,29.94887399673462,0,4.9999536060530145,4.999907212106029,9,0.04575920104980469,104.155.17.18,47
1456866586.890798,29.926959991455078,0,4.9999536060530145,4.999907212106029,9,0.0675501823425293,104.155.17.18,48
1456866591.868887,29.94887113571167,0,4.9999536060530145,4.999907212106029,9,0.045783042907714844,104.155.17.18,49
1456866596.862839,29.95491909980774,0,4.9999536060530145,4.999907212106029,9,0.0396420955657959,104.155.17.18,50
1456866601.869609,29.94814896583557,0,4.9999536060530145,4.999907212106029,9,0.04649710655212402,104.155.17.18,51
1456866606.866361,29.95139718055725,0,4.9999536060530145,4.999907212106029,9,0.043213844299316406,104.155.17.18,52
1456866611.853191,29.964567184448242,0,4.9999536060530145,4.999907212106029,9,0.03002786636352539,104.155.17.18,53
1456866616.880032,29.93772602081299,0,4.9999536060530145,4.999907212106029,9,0.05683398246765137,104.155.17.18,54
1456866621.867121,29.950637102127075,0,4.9999536060530145,4.999907212106029,9,0.04392290115356445,104.155.17.18,55
1456866626.864841,29.952917098999023,0,4.9999536060530145,4.999907212106029,9,0.041651010513305664,104.155.17.18,56
1456866631.848883,29.96887516975403,0,4.9999536060530145,4.999907212106029,9,0.02559494972229004,104.155.17.18,57
1456866636.855353,29.96240496635437,0,4.9999536060530145,4.999907212106029,9,0.03222823143005371,104.155.17.18,58
1456866641.856094,29.9616641998291,0,4.9999536060530145,4.999907212106029,9,0.03286099433898926,104.155.17.18,59
1456866646.945976,29.871782064437866,0,4.9999536060530145,4.999907212106029,9,0.12273597717285156,104.155.17.18,60
1456866651.859666,29.958091974258423,0,4.9999536060530145,4.999907212106029,9,0.03649115562438965,104.155.17.18,61
1456866656.860984,29.95677399635315,0,4.9999536060530145,4.999907212106029,9,0.03773999214172363,104.155.17.18,62
1456866661.860559,29.957199096679688,0,4.9999536060530145,4.999907212106029,9,0.03738808631896973,104.155.17.18,63
1456866666.86478,29.952978134155273,0,4.9999536060530145,4.999907212106029,9,0.04147005081176758,104.155.17.18,64
1456866671.862212,29.955546140670776,0,4.9999536060530145,4.999907212106029,9,0.03904104232788086,104.155.17.18,65
1456866676.848686,29.969072103500366,0,4.9999536060530145,4.999907212106029,9,0.025474071502685547,104.155.17.18,66
1456866681.853358,29.964400053024292,0,4.9999536060530145,4.999907212106029,9,0.030183076858520508,104.155.17.18,67
1456866686.869238,29.948520183563232,0,4.9999536060530145,4.999907212106029,9,0.046025991439819336,104.155.17.18,68
1456866691.872956,29.944802045822144,0,4.9999536060530145,4.999907212106029,9,0.04981493949890137,104.155.17.18,69
1456866696.880678,29.937080144882202,0,4.9999536060530145,4.999907212106029,9,0.0575718879699707,104.155.17.18,70
1456866701.877561,29.940196990966797,0,4.9999536060530145,4.999907212106029,9,0.054435014724731445,104.155.17.18,71
1456866706.861448,29.956310033798218,0,4.9999536060530145,4.999907212106029,9,0.03821897506713867,104.155.17.18,72
1456866711.87283,29.94492816925049,0,4.9999536060530145,4.999907212106029,9,0.049623966217041016,104.155.17.18,73
1456866716.853628,29.96413016319275,0,4.9999536060530145,4.999907212106029,9,0.030429840087890625,104.155.17.18,74
1456866721.85441,29.963348150253296,0,4.9999536060530145,4.999907212106029,9,0.0312800407409668,104.155.17.18,75
1456866726.847629,29.970129013061523,0,4.9999536060530145,4.999907212106029,9,0.024464130401611328,104.155.17.18,76
1456866731.845069,29.972689151763916,0,4.9999536060530145,4.999907212106029,9,0.021793842315673828,104.155.17.18,77
1456866736.860031,29.957727193832397,0,4.9999536060530145,4.999907212106029,9,0.0367579460144043,104.155.17.18,78
1456866741.855814,29.961944103240967,0,4.9999536060530145,4.999907212106029,9,0.03256988525390625,104.155.17.18,79
1456866746.850133,29.9676251411438,0,4.9999536060530145,4.999907212106029,9,0.02692103385925293,104.155.17.18,80
1456866751.863129,29.95462918281555,0,4.9999536060530145,4.999907212106029,9,0.0400087833404541,104.155.17.18,81
1456866756.85831,29.959448099136353,0,4.9999536060530145,4.999907212106029,9,0.035202980041503906,104.155.17.18,82
1456866761.850824,29.966933965682983,0,4.9999536060530145,4.999907212106029,9,0.02749919891357422,104.155.17.18,83
1456866766.90381,29.91394805908203,0,4.9999536060530145,4.999907212106029,9,0.08063602447509766,104.155.17.18,84
1456866771.875391,29.94236707687378,0,4.9999536060530145,4.999907212106029,9,0.0520169734954834,104.155.17.18,85
1456866776.888438,29.929320096969604,0,4.9999536060530145,4.999907212106029,9,0.06522798538208008,104.155.17.18,86
1456866781.853696,29.964061975479126,0,4.9999536060530145,4.999907212106029,9,0.030546188354492188,104.155.17.18,87
1456866786.869253,29.94850516319275,0,4.9999536060530145,4.999907212106029,9,0.04601287841796875,104.155.17.18,88
1456866791.848135,29.96962308883667,0,4.9999536060530145,4.999907212106029,9,0.02497696876525879,104.155.17.18,89
1456866796.85468,29.963078022003174,0,4.9999536060530145,4.999907212106029,9,0.031443119049072266,104.155.17.18,90
1456866801.850849,29.966909170150757,0,4.9999536060530145,4.999907212106029,9,0.0276949405670166,104.155.17.18,91
1456866806.883033,29.934725046157837,0,4.9999536060530145,4.999907212106029,9,0.059890031814575195,104.155.17.18,92
1456866811.882558,29.935199975967407,0,4.9999536060530145,4.999907212106029,9,0.05934309959411621,104.155.17.18,93
1456866816.858274,29.959484100341797,0,4.9999536060530145,4.999907212106029,9,0.03518795967102051,104.155.17.18,94
1456866821.852706,29.965052127838135,0,4.9999536060530145,4.999907212106029,9,0.029413938522338867,104.155.17.18,95
1456866826.842851,29.974907159805298,0,4.9999536060530145,4.999907212106029,9,0.019513845443725586,104.155.17.18,96
1456866831.847365,29.970393180847168,0,4.9999536060530145,4.999907212106029,9,0.02409982681274414,104.155.17.18,97
1456866836.852336,29.9654221534729,0,4.9999536060530145,4.999907212106029,9,0.029106855392456055,104.155.17.18,98
1456866841.860596,29.957162141799927,0,4.9999536060530145,4.999907212106029,9,0.03727102279663086,104.155.17.18,99
1456866846.870648,29.947110176086426,0,4.9999536060530145,4.999907212106029,9,0.04744100570678711,104.155.17.18,100
1456866851.881701,29.936057090759277,0,4.9999536060530145,4.999907212106029,9,0.05849599838256836,104.155.17.18,101
1456866856.883722,29.934036016464233,0,4.9999536060530145,4.999907212106029,9,0.060392141342163086,104.155.17.18,102
1456866861.876776,29.94098210334778,0,4.9999536060530145,4.999907212106029,9,0.0534360408782959,104.155.17.18,103
1456866866.872514,29.945244073867798,0,4.9999536060530145,4.999907212106029,9,0.049384117126464844,104.155.17.18,104
1456866871.8712,29.946557998657227,0,4.9999536060530145,4.999907212106029,9,0.047988176345825195,104.155.17.18,105
1456866876.869632,29.948126077651978,0,4.9999536060530145,4.999907212106029,9,0.046488046646118164,104.155.17.18,106
1456866881.863694,29.95406413078308,0,4.9999536060530145,4.999907212106029,9,0.04054093360900879,104.155.17.18,107
1456866886.863419,29.954339027404785,0,4.9999536060530145,4.999907212106029,9,0.04004716873168945,104.155.17.18,108
1456866891.867363,29.950395107269287,0,4.9999536060530145,4.999907212106029,9,0.043994903564453125,104.155.17.18,109
1456866896.871264,29.946494102478027,0,4.9999536060530145,4.999907212106029,9,0.04791402816772461,104.155.17.18,110
1456866901.894973,29.92278504371643,0,4.9999536060530145,4.999907212106029,9,0.07172107696533203,104.155.17.18,111
1456866906.869929,29.947829008102417,0,4.9999536060530145,4.999907212106029,9,0.046575069427490234,104.155.17.18,112
1456866911.859146,29.958611965179443,0,4.9999536060530145,4.999907212106029,9,0.03571820259094238,104.155.17.18,113
1456866916.857315,29.960443019866943,0,4.9999536060530145,4.999907212106029,9,0.034011125564575195,104.155.17.18,114
1456866921.853009,29.964749097824097,0,4.9999536060530145,4.999907212106029,9,0.0298459529876709,104.155.17.18,115
1456866926.840018,29.977740049362183,0,4.9999536060530145,4.999907212106029,9,0.01679396629333496,104.155.17.18,116
1456866931.842181,29.975577116012573,0,4.9999536060530145,4.999907212106029,9,0.018776893615722656,104.155.17.18,117
1456866936.848949,29.968809127807617,0,4.9999536060530145,4.999907212106029,9,0.025568008422851562,104.155.17.18,118
1456866941.837318,29.980440139770508,0,4.9999536060530145,4.999907212106029,9,0.014055013656616211,104.155.17.18,119
1456866946.852906,4.981938123703003,0,3.79397689936283,2.5879537987256596,4,0.01787710189819336,104.155.17.18,0
1456866946.889744,9.94510006904602,0,4.9999536060530145,4.999907212106029,9,0.0365450382232666,104.155.17.18,1
1456866946.923422,14.91142201423645,0,4.9999536060530145,4.999907212106029,9,0.03341197967529297,104.155.17.18,2
1456866946.94703,19.887814044952393,0,4.9999536060530145,4.999907212106029,9,0.023292064666748047,104.155.17.18,3
1456866947.002604,24.832240104675293,0,4.9999536060530145,4.999907212106029,9,0.05521702766418457,104.155.17.18,4
1456866947.049531,29.78531312942505,0,4.9999536060530145,4.999907212106029,9,0.046575069427490234,104.155.17.18,5
1456866951.881724,29.95311999320984,0,4.9999536060530145,4.999907212106029,9,0.04149818420410156,104.155.17.18,6
1456866956.865913,29.968931198120117,0,4.9999536060530145,4.999907212106029,9,0.025516986846923828,104.155.17.18,7
1456866961.870036,29.964808225631714,0,4.9999536060530145,4.999907212106029,9,0.02977585792541504,104.155.17.18,8
1456866966.884751,29.950093030929565,0,4.9999536060530145,4.999907212106029,9,0.04440617561340332,104.155.17.18,9
1456866971.886971,29.94787311553955,0,4.9999536060530145,4.999907212106029,9,0.0465850830078125,104.155.17.18,10
1456866976.868471,29.966373205184937,0,4.9999536060530145,4.999907212106029,9,0.02810192108154297,104.155.17.18,11
1456866981.868727,29.96611714363098,0,4.9999536060530145,4.999907212106029,9,0.028017044067382812,104.155.17.18,12
1456866986.88733,29.947514057159424,0,4.9999536060530145,4.999907212106029,9,0.046875,104.155.17.18,13
1456866991.88095,29.95389413833618,0,4.9999536060530145,4.999907212106029,9,0.040766000747680664,104.155.17.18,14
1456866996.906906,29.927938222885132,0,4.9999536060530145,4.999907212106029,9,0.06673383712768555,104.155.17.18,15
1456867001.870987,29.963857173919678,0,4.9999536060530145,4.999907212106029,9,0.030683040618896484,104.155.17.18,16
1456867006.858598,29.976246118545532,0,4.9999536060530145,4.999907212106029,9,0.018030881881713867,104.155.17.18,17
1456867011.868189,29.966655015945435,0,4.9999536060530145,4.999907212106029,9,0.0277249813079834,104.155.17.18,18
1456867016.868659,29.966185092926025,0,4.9999536060530145,4.999907212106029,9,0.028295040130615234,104.155.17.18,19
1456867021.873898,29.960946083068848,0,4.9999536060530145,4.999907212106029,9,0.03353404998779297,104.155.17.18,20
1456867026.880403,29.95444107055664,0,4.9999536060530145,4.999907212106029,9,0.040010929107666016,104.155.17.18,21
1456867031.884791,29.950053215026855,0,4.9999536060530145,4.999907212106029,9,0.0443878173828125,104.155.17.18,22
1456867036.916448,29.91839599609375,0,4.9999536060530145,4.999907212106029,9,0.07614707946777344,104.155.17.18,23
1456867041.887458,29.947386026382446,0,4.9999536060530145,4.999907212106029,9,0.04728412628173828,104.155.17.18,24
1456867046.885029,29.949815034866333,0,4.9999536060530145,4.999907212106029,9,0.04475116729736328,104.155.17.18,25
1456867051.877466,29.957378149032593,0,4.9999536060530145,4.999907212106029,9,0.03716397285461426,104.155.17.18,26
1456867056.886331,29.94851303100586,0,4.9999536060530145,4.999907212106029,9,0.04606008529663086,104.155.17.18,27
1456867061.9114,29.923444032669067,0,4.9999536060530145,4.999907212106029,9,0.07101607322692871,104.155.17.18,28
1456867066.869283,29.965561151504517,0,4.9999536060530145,4.999907212106029,9,0.0289459228515625,104.155.17.18,29
1456867071.88944,29.945404052734375,0,4.9999536060530145,4.999907212106029,9,0.049096107482910156,104.155.17.18,30
1456867076.869104,29.965740203857422,0,4.9999536060530145,4.999907212106029,9,0.028764009475708008,104.155.17.18,31
1456867081.881046,29.953798055648804,0,4.9999536060530145,4.999907212106029,9,0.04084897041320801,104.155.17.18,32
1456867086.881744,29.953100204467773,0,4.9999536060530145,4.999907212106029,9,0.04138898849487305,104.155.17.18,33
1456867091.864074,29.970770120620728,0,4.9999536060530145,4.999907212106029,9,0.023823976516723633,104.155.17.18,34
1456867096.882658,29.952186107635498,0,4.9999536060530145,4.999907212106029,9,0.04316401481628418,104.155.17.18,35
1456867101.902635,29.932209014892578,0,4.9999536060530145,4.999907212106029,9,0.06223917007446289,104.155.17.18,36
1456867106.885584,29.949259996414185,0,4.9999536060530145,4.999907212106029,9,0.04526209831237793,104.155.17.18,37
1456867111.88809,29.946754217147827,0,4.9999536060530145,4.999907212106029,9,0.047705888748168945,104.155.17.18,38
1456867116.882329,29.952515125274658,0,4.9999536060530145,4.999907212106029,9,0.042120933532714844,104.155.17.18,39
1456867121.872524,29.96232008934021,0,4.9999536060530145,4.999907212106029,9,0.032238006591796875,104.155.17.18,40
1456867126.878838,29.956006050109863,0,4.9999536060530145,4.999907212106029,9,0.038558006286621094,104.155.17.18,41
1456867131.891923,29.94292116165161,0,4.9999536060530145,4.999907212106029,9,0.05162501335144043,104.155.17.18,42
1456867136.884814,29.950030088424683,0,4.9999536060530145,4.999907212106029,9,0.04456591606140137,104.155.17.18,43
1456867141.878175,29.956669092178345,0,4.9999536060530145,4.999907212106029,9,0.03788590431213379,104.155.17.18,44
1456867146.888148,29.946696043014526,0,4.9999536060530145,4.999907212106029,9,0.04782509803771973,104.155.17.18,45
1456867151.87198,29.96286416053772,0,4.9999536060530145,4.999907212106029,9,0.03167390823364258,104.155.17.18,46
1456867156.879004,29.95584011077881,0,4.9999536060530145,4.999907212106029,9,0.03875899314880371,104.155.17.18,47
1456867161.903188,29.93165612220764,0,4.9999536060530145,4.999907212106029,9,0.06287693977355957,104.155.17.18,48
1456867166.889387,29.945457220077515,0,4.9999536060530145,4.999907212106029,9,0.04907798767089844,104.155.17.18,49
1456867171.878217,29.956627130508423,0,4.9999536060530145,4.999907212106029,9,0.03799796104431152,104.155.17.18,50
1456867176.885499,29.949345111846924,0,4.9999536060530145,4.999907212106029,9,0.04531502723693848,104.155.17.18,51
1456867181.874397,29.960447072982788,0,4.9999536060530145,4.999907212106029,9,0.03390908241271973,104.155.17.18,52
1456867186.871694,29.963150024414062,0,4.9999536060530145,4.999907212106029,9,0.03135514259338379,104.155.17.18,53
1456867191.895356,29.939488172531128,0,4.9999536060530145,4.999907212106029,9,0.0550689697265625,104.155.17.18,54
1456867196.885568,29.949276208877563,0,4.9999536060530145,4.999907212106029,9,0.04537081718444824,104.155.17.18,55
1456867201.886449,29.948395013809204,0,4.9999536060530145,4.999907212106029,9,0.04599618911743164,104.155.17.18,56
1456867206.864319,29.97052502632141,0,4.9999536060530145,4.999907212106029,9,0.023902177810668945,104.155.17.18,57
1456867211.877423,29.95742106437683,0,4.9999536060530145,4.999907212106029,9,0.03712296485900879,104.155.17.18,58
1456867216.87787,29.956974029541016,0,4.9999536060530145,4.999907212106029,9,0.03746604919433594,104.155.17.18,59
1456867221.960072,29.87477207183838,0,4.9999536060530145,4.999907212106029,9,0.11981010437011719,104.155.17.18,60
1456867226.873688,29.961156129837036,0,4.9999536060530145,4.999907212106029,9,0.033334970474243164,104.155.17.18,61
1456867231.88303,29.9518141746521,0,4.9999536060530145,4.999907212106029,9,0.04279494285583496,104.155.17.18,62
1456867236.875215,29.95962905883789,0,4.9999536060530145,4.999907212106029,9,0.03488016128540039,104.155.17.18,63
1456867241.86883,29.96601414680481,0,4.9999536060530145,4.999907212106029,9,0.02842998504638672,104.155.17.18,64
1456867246.872577,29.96226716041565,0,4.9999536060530145,4.999907212106029,9,0.0322718620300293,104.155.17.18,65
1456867251.872818,29.962026119232178,0,4.9999536060530145,4.999907212106029,9,0.03245091438293457,104.155.17.18,66
1456867256.869995,29.96484899520874,0,4.9999536060530145,4.999907212106029,9,0.029664039611816406,104.155.17.18,67
1456867261.889789,29.94505500793457,0,4.9999536060530145,4.999907212106029,9,0.04950714111328125,104.155.17.18,68
1456867266.891813,29.943031072616577,0,4.9999536060530145,4.999907212106029,9,0.05147099494934082,104.155.17.18,69
1456867271.888118,29.946726083755493,0,4.9999536060530145,4.999907212106029,9,0.047814130783081055,104.155.17.18,70
1456867276.886233,29.94861102104187,0,4.9999536060530145,4.999907212106029,9,0.04600214958190918,104.155.17.18,71
1456867281.8872,29.947643995285034,0,4.9999536060530145,4.999907212106029,9,0.04700207710266113,104.155.17.18,72
1456867286.887301,29.947543144226074,0,4.9999536060530145,4.999907212106029,9,0.04697895050048828,104.155.17.18,73
1456867291.876328,29.958516120910645,0,4.9999536060530145,4.999907212106029,9,0.03609204292297363,104.155.17.18,74
1456867296.875538,29.959306001663208,0,4.9999536060530145,4.999907212106029,9,0.03532004356384277,104.155.17.18,75
1456867301.857894,29.97695016860962,0,4.9999536060530145,4.999907212106029,9,0.017587900161743164,104.155.17.18,76
1456867306.85728,29.977564096450806,0,4.9999536060530145,4.999907212106029,9,0.016923904418945312,104.155.17.18,77
1456867311.867155,29.967689037322998,0,4.9999536060530145,4.999907212106029,9,0.026842117309570312,104.155.17.18,78
1456867316.869827,29.965017080307007,0,4.9999536060530145,4.999907212106029,9,0.029573917388916016,104.155.17.18,79
1456867321.86741,29.96743416786194,0,4.9999536060530145,4.999907212106029,9,0.027209043502807617,104.155.17.18,80
1456867326.869222,29.965622186660767,0,4.9999536060530145,4.999907212106029,9,0.028935909271240234,104.155.17.18,81
1456867331.881478,29.95336604118347,0,4.9999536060530145,4.999907212106029,9,0.04120302200317383,104.155.17.18,82
1456867336.87857,29.956274032592773,0,4.9999536060530145,4.999907212106029,9,0.03813815116882324,104.155.17.18,83
1456867341.912017,29.922827005386353,0,4.9999536060530145,4.999907212106029,9,0.07181119918823242,104.155.17.18,84
1456867346.894837,29.940007209777832,0,4.9999536060530145,4.999907212106029,9,0.05465984344482422,104.155.17.18,85
1456867351.918997,29.915847063064575,0,4.9999536060530145,4.999907212106029,9,0.07866096496582031,104.155.17.18,86
1456867356.874145,29.9606990814209,0,4.9999536060530145,4.999907212106029,9,0.03396797180175781,104.155.17.18,87
1456867361.889044,29.945800065994263,0,4.9999536060530145,4.999907212106029,9,0.04874396324157715,104.155.17.18,88
1456867366.865384,29.969460010528564,0,4.9999536060530145,4.999907212106029,9,0.02512812614440918,104.155.17.18,89
1456867371.871787,29.963057041168213,0,4.9999536060530145,4.999907212106029,9,0.03140902519226074,104.155.17.18,90
1456867376.873608,29.961236000061035,0,4.9999536060530145,4.999907212106029,9,0.03317403793334961,104.155.17.18,91
1456867381.908333,29.92651104927063,0,4.9999536060530145,4.999907212106029,9,0.06798696517944336,104.155.17.18,92
1456867386.898395,29.93644905090332,0,4.9999536060530145,4.999907212106029,9,0.05803513526916504,104.155.17.18,93
1456867391.874316,29.960528135299683,0,4.9999536060530145,4.999907212106029,9,0.03394198417663574,104.155.17.18,94
1456867396.874347,29.9604971408844,0,4.9999536060530145,4.999907212106029,9,0.033978939056396484,104.155.17.18,95
1456867401.862047,29.97279715538025,0,4.9999536060530145,4.999907212106029,9,0.02182292938232422,104.155.17.18,96
1456867406.866442,29.96840214729309,0,4.9999536060530145,4.999907212106029,9,0.02620697021484375,104.155.17.18,97
1456867411.873695,29.961149215698242,0,4.9999536060530145,4.999907212106029,9,0.03345990180969238,104.155.17.18,98
1456867416.879035,29.955809116363525,0,4.9999536060530145,4.999907212106029,9,0.038810014724731445,104.155.17.18,99
1456867421.883673,29.951171159744263,0,4.9999536060530145,4.999907212106029,9,0.04328584671020508,104.155.17.18,100
1456867426.897308,29.937536001205444,0,4.9999536060530145,4.999907212106029,9,0.05685019493103027,104.155.17.18,101
1456867431.888158,29.946686029434204,0,4.9999536060530145,4.999907212106029,9,0.047799110412597656,104.155.17.18,102
1456867436.887435,29.94740915298462,0,4.9999536060530145,4.999907212106029,9,0.047213077545166016,104.155.17.18,103
1456867441.892148,29.94269609451294,0,4.9999536060530145,4.999907212106029,9,0.05189108848571777,104.155.17.18,104
1456867446.890132,29.944712162017822,0,4.9999536060530145,4.999907212106029,9,0.04990792274475098,104.155.17.18,105
1456867451.886947,29.94789719581604,0,4.9999536060530145,4.999907212106029,9,0.04670286178588867,104.155.17.18,106
1456867456.880391,29.954453229904175,0,4.9999536060530145,4.999907212106029,9,0.04018092155456543,104.155.17.18,107
1456867461.876366,29.958478212356567,0,4.9999536060530145,4.999907212106029,9,0.03593587875366211,104.155.17.18,108
1456867466.883211,29.95163321495056,0,4.9999536060530145,4.999907212106029,9,0.04281282424926758,104.155.17.18,109
1456867471.91194,29.922904014587402,0,4.9999536060530145,4.999907212106029,9,0.07169699668884277,104.155.17.18,110
1456867476.903621,29.931223154067993,0,4.9999536060530145,4.999907212106029,9,0.06342101097106934,104.155.17.18,111
1456867481.886744,29.948100090026855,0,4.9999536060530145,4.999907212106029,9,0.04646706581115723,104.155.17.18,112
1456867486.877677,29.957167148590088,0,4.9999536060530145,4.999907212106029,9,0.03725790977478027,104.155.17.18,113
1456867491.865917,29.968927145004272,0,4.9999536060530145,4.999907212106029,9,0.02559804916381836,104.155.17.18,114
1456867496.868383,29.966461181640625,0,4.9999536060530145,4.999907212106029,9,0.028072834014892578,104.155.17.18,115
1456867501.857702,29.977142095565796,0,4.9999536060530145,4.999907212106029,9,0.017264127731323242,104.155.17.18,116
1456867506.85768,29.977164030075073,0,4.9999536060530145,4.999907212106029,9,0.017135143280029297,104.155.17.18,117
1456867511.865111,29.969732999801636,0,4.9999536060530145,4.999907212106029,9,0.024327993392944336,104.155.17.18,118
1456867516.852502,29.982342004776,0,4.9999536060530145,4.999907212106029,9,0.012214183807373047,104.155.17.18,119
1456867521.931786,4.920892953872681,0,3.5263971271608656,2.0527942543217312,3,0.07887411117553711,104.155.17.18,0
1456867521.975973,9.87670612335205,0,4.9999536060530145,4.999907212106029,9,0.043814897537231445,104.155.17.18,1
1456867522.012962,14.839716911315918,0,4.9999536060530145,4.999907212106029,9,0.03654909133911133,104.155.17.18,2
1456867522.042159,19.81051993370056,0,4.9999536060530145,4.999907212106029,9,0.02879500389099121,104.155.17.18,3
1456867522.093847,24.75883197784424,0,4.9999536060530145,4.999907212106029,9,0.05116105079650879,104.155.17.18,4
1456867522.149051,29.703628063201904,0,4.9999536060530145,4.999907212106029,9,0.05489706993103027,104.155.17.18,5
1456867526.90187,29.950809001922607,0,4.9999536060530145,4.999907212106029,9,0.04408097267150879,104.155.17.18,6
1456867531.883513,29.969166040420532,0,4.9999536060530145,4.999907212106029,9,0.025495052337646484,104.155.17.18,7
1456867536.885957,29.966722011566162,0,4.9999536060530145,4.999907212106029,9,0.027903079986572266,104.155.17.18,8
1456867541.900621,29.95205807685852,0,4.9999536060530145,4.999907212106029,9,0.04245305061340332,104.155.17.18,9
1456867546.899531,29.953148126602173,0,4.9999536060530145,4.999907212106029,9,0.04136991500854492,104.155.17.18,10
1456867551.883514,29.969165086746216,0,4.9999536060530145,4.999907212106029,9,0.02537989616394043,104.155.17.18,11
1456867556.88884,29.963839054107666,0,4.9999536060530145,4.999907212106029,9,0.030746936798095703,104.155.17.18,12
1456867561.900178,29.95250105857849,0,4.9999536060530145,4.999907212106029,9,0.04204201698303223,104.155.17.18,13
1456867566.893412,29.959266901016235,0,4.9999536060530145,4.999907212106029,9,0.03515219688415527,104.155.17.18,14
1456867571.932983,29.91969609260559,0,4.9999536060530145,4.999907212106029,9,0.07473492622375488,104.155.17.18,15
1456867576.895761,29.956918001174927,0,4.9999536060530145,4.999907212106029,9,0.037737131118774414,104.155.17.18,16
1456867581.885069,29.967610120773315,0,4.9999536060530145,4.999907212106029,9,0.026948928833007812,104.155.17.18,17
1456867586.888726,29.963953018188477,0,4.9999536060530145,4.999907212106029,9,0.030486106872558594,104.155.17.18,18
1456867591.887005,29.96567392349243,0,4.9999536060530145,4.999907212106029,9,0.02881598472595215,104.155.17.18,19
1456867596.900531,29.952147960662842,0,4.9999536060530145,4.999907212106029,9,0.04240608215332031,104.155.17.18,20
1456867601.892256,29.9604229927063,0,4.9999536060530145,4.999907212106029,9,0.03407692909240723,104.155.17.18,21
1456867606.903574,29.94910502433777,0,4.9999536060530145,4.999907212106029,9,0.04535508155822754,104.155.17.18,22
1456867611.92807,29.924608945846558,0,4.9999536060530145,4.999907212106029,9,0.06975412368774414,104.155.17.18,23
1456867616.903707,29.94897198677063,0,4.9999536060530145,4.999907212106029,9,0.045571088790893555,104.155.17.18,24
1456867621.888417,29.964262008666992,0,4.9999536060530145,4.999907212106029,9,0.030045032501220703,104.155.17.18,25
1456867626.890823,29.96185612678528,0,4.9999536060530145,4.999907212106029,9,0.032486915588378906,104.155.17.18,26
1456867631.902576,29.950103044509888,0,4.9999536060530145,4.999907212106029,9,0.044267892837524414,104.155.17.18,27
1456867636.902459,29.950220108032227,0,4.9999536060530145,4.999907212106029,9,0.04434680938720703,104.155.17.18,28
1456867641.887378,29.965301036834717,0,4.9999536060530145,4.999907212106029,9,0.029154062271118164,104.155.17.18,29
1456867646.903364,29.949315071105957,0,4.9999536060530145,4.999907212106029,9,0.04510498046875,104.155.17.18,30
1456867651.895961,29.95671796798706,0,4.9999536060530145,4.999907212106029,9,0.03771400451660156,104.155.17.18,31
1456867656.901396,29.95128297805786,0,4.9999536060530145,4.999907212106029,9,0.04333209991455078,104.155.17.18,32
1456867661.89397,29.958709001541138,0,4.9999536060530145,4.999907212106029,9,0.035726070404052734,104.155.17.18,33
1456867666.88039,29.972289085388184,0,4.9999536060530145,4.999907212106029,9,0.022166967391967773,104.155.17.18,34
1456867671.903193,29.949486017227173,0,4.9999536060530145,4.999907212106029,9,0.04506492614746094,104.155.17.18,35
1456867676.911802,29.940876960754395,0,4.9999536060530145,4.999907212106029,9,0.05361294746398926,104.155.17.18,36
1456867681.905031,29.94764804840088,0,4.9999536060530145,4.999907212106029,9,0.046861886978149414,104.155.17.18,37
1456867686.902962,29.949717044830322,0,4.9999536060530145,4.999907212106029,9,0.04478001594543457,104.155.17.18,38
1456867691.903915,29.948764085769653,0,4.9999536060530145,4.999907212106029,9,0.04587101936340332,104.155.17.18,39
1456867696.899583,29.95309591293335,0,4.9999536060530145,4.999907212106029,9,0.04130101203918457,104.155.17.18,40
1456867701.902546,29.950133085250854,0,4.9999536060530145,4.999907212106029,9,0.04431486129760742,104.155.17.18,41
1456867706.903869,29.94881010055542,0,4.9999536060530145,4.999907212106029,9,0.04579591751098633,104.155.17.18,42
1456867711.900408,29.952270984649658,0,4.9999536060530145,4.999907212106029,9,0.04223799705505371,104.155.17.18,43
1456867716.894115,29.958564043045044,0,4.9999536060530145,4.999907212106029,9,0.035986900329589844,104.155.17.18,44
1456867721.908078,29.94460105895996,0,4.9999536060530145,4.999907212106029,9,0.04994392395019531,104.155.17.18,45
1456867726.893843,29.9588360786438,0,4.9999536060530145,4.999907212106029,9,0.03560996055603027,104.155.17.18,46
1456867731.890967,29.9617121219635,0,4.9999536060530145,4.999907212106029,9,0.032637834548950195,104.155.17.18,47
1456867736.921756,29.930922985076904,0,4.9999536060530145,4.999907212106029,9,0.06357502937316895,104.155.17.18,48
1456867741.918687,29.9339919090271,0,4.9999536060530145,4.999907212106029,9,0.060520172119140625,104.155.17.18,49
1456867746.900843,29.951836109161377,0,4.9999536060530145,4.999907212106029,9,0.04269981384277344,104.155.17.18,50
1456867751.907119,29.945559978485107,0,4.9999536060530145,4.999907212106029,9,0.047155141830444336,104.155.17.18,51
1456867756.899995,29.952683925628662,0,4.9999536060530145,4.999907212106029,9,0.04187798500061035,104.155.17.18,52
1456867761.906045,29.94663405418396,0,4.9999536060530145,4.999907212106029,9,0.04783892631530762,104.155.17.18,53
1456867766.910232,29.94244694709778,0,4.9999536060530145,4.999907212106029,9,0.052104949951171875,104.155.17.18,54
1456867771.895358,29.95732092857361,0,4.9999536060530145,4.999907212106029,9,0.03720402717590332,104.155.17.18,55
1456867776.908739,29.943939924240112,0,4.9999536060530145,4.999907212106029,9,0.05051398277282715,104.155.17.18,56
1456867781.878115,29.97456407546997,0,4.9999536060530145,4.999907212106029,9,0.020045042037963867,104.155.17.18,57
1456867786.892183,29.960495948791504,0,4.9999536060530145,4.999907212106029,9,0.03402900695800781,104.155.17.18,58
1456867791.89025,29.96242904663086,0,4.9999536060530145,4.999907212106029,9,0.03211402893066406,104.155.17.18,59
1456867796.978761,29.873918056488037,0,4.9999536060530145,4.999907212106029,9,0.12051796913146973,104.155.17.18,60
1456867801.889954,29.962724924087524,0,4.9999536060530145,4.999907212106029,9,0.03199601173400879,104.155.17.18,61
1456867806.894848,29.957830905914307,0,4.9999536060530145,4.999907212106029,9,0.03669309616088867,104.155.17.18,62
1456867811.892954,29.95972490310669,0,4.9999536060530145,4.999907212106029,9,0.03488516807556152,104.155.17.18,63
1456867816.900962,29.951716899871826,0,4.9999536060530145,4.999907212106029,9,0.042852163314819336,104.155.17.18,64
1456867821.899135,29.95354390144348,0,4.9999536060530145,4.999907212106029,9,0.041045188903808594,104.155.17.18,65
1456867826.886513,29.966166019439697,0,4.9999536060530145,4.999907212106029,9,0.028482913970947266,104.155.17.18,66
1456867831.888549,29.96412992477417,0,4.9999536060530145,4.999907212106029,9,0.030485153198242188,104.155.17.18,67
1456867836.91269,29.93998908996582,0,4.9999536060530145,4.999907212106029,9,0.054628849029541016,104.155.17.18,68
1456867841.916301,29.936378002166748,0,4.9999536060530145,4.999907212106029,9,0.058277130126953125,104.155.17.18,69
1456867846.910281,29.942398071289062,0,4.9999536060530145,4.999907212106029,9,0.05222797393798828,104.155.17.18,70
1456867851.912389,29.940289974212646,0,4.9999536060530145,4.999907212106029,9,0.05423092842102051,104.155.17.18,71
1456867856.902034,29.950644969940186,0,4.9999536060530145,4.999907212106029,9,0.043797969818115234,104.155.17.18,72
1456867861.904973,29.9477059841156,0,4.9999536060530145,4.999907212106029,9,0.04684710502624512,104.155.17.18,73
1456867866.893445,29.95923399925232,0,4.9999536060530145,4.999907212106029,9,0.03526711463928223,104.155.17.18,74
1456867871.890918,29.961760997772217,0,4.9999536060530145,4.999907212106029,9,0.03272604942321777,104.155.17.18,75
1456867876.881029,29.97165012359619,0,4.9999536060530145,4.999907212106029,9,0.02272486686706543,104.155.17.18,76
1456867881.878657,29.974021911621094,0,4.9999536060530145,4.999907212106029,9,0.0205080509185791,104.155.17.18,77
1456867886.889309,29.963370084762573,0,4.9999536060530145,4.999907212106029,9,0.031239032745361328,104.155.17.18,78
1456867891.884299,29.968379974365234,0,4.9999536060530145,4.999907212106029,9,0.026195049285888672,104.155.17.18,79
1456867896.889657,29.963021993637085,0,4.9999536060530145,4.999907212106029,9,0.03155803680419922,104.155.17.18,80
1456867901.896924,29.95575499534607,0,4.9999536060530145,4.999907212106029,9,0.03864693641662598,104.155.17.18,81
1456867906.898427,29.954252004623413,0,4.9999536060530145,4.999907212106029,9,0.04018712043762207,104.155.17.18,82
1456867911.891123,29.96155595779419,0,4.9999536060530145,4.999907212106029,9,0.032920122146606445,104.155.17.18,83
1456867916.937635,29.91504406929016,0,4.9999536060530145,4.999907212106029,9,0.07955789566040039,104.155.17.18,84
1456867921.910189,29.942490100860596,0,4.9999536060530145,4.999907212106029,9,0.05208396911621094,104.155.17.18,85
1456867926.922058,29.930620908737183,0,4.9999536060530145,4.999907212106029,9,0.06387114524841309,104.155.17.18,86
1456867931.890626,29.962053060531616,0,4.9999536060530145,4.999907212106029,9,0.032472848892211914,104.155.17.18,87
1456867936.903123,29.94955611228943,0,4.9999536060530145,4.999907212106029,9,0.04485297203063965,104.155.17.18,88
1456867941.884867,29.967812061309814,0,4.9999536060530145,4.999907212106029,9,0.02662205696105957,104.155.17.18,89
1456867946.884045,29.968634128570557,0,4.9999536060530145,4.999907212106029,9,0.025925874710083008,104.155.17.18,90
1456867951.895762,29.95691704750061,0,4.9999536060530145,4.999907212106029,9,0.03764200210571289,104.155.17.18,91
1456867956.927601,29.92507791519165,0,4.9999536060530145,4.999907212106029,9,0.0694570541381836,104.155.17.18,92
1456867961.921839,29.930840015411377,0,4.9999536060530145,4.999907212106029,9,0.06371808052062988,104.155.17.18,93
1456867966.891504,29.961174964904785,0,4.9999536060530145,4.999907212106029,9,0.033300161361694336,104.155.17.18,94
1456867971.888944,29.963735103607178,0,4.9999536060530145,4.999907212106029,9,0.03067302703857422,104.155.17.18,95
1456867976.883977,29.9687020778656,0,4.9999536060530145,4.999907212106029,9,0.0256650447845459,104.155.17.18,96
1456867981.882306,29.970372915267944,0,4.9999536060530145,4.999907212106029,9,0.02412700653076172,104.155.17.18,97
1456867986.885165,29.967514038085938,0,4.9999536060530145,4.999907212106029,9,0.026826858520507812,104.155.17.18,98
1456867991.894744,29.957935094833374,0,4.9999536060530145,4.999907212106029,9,0.0365450382232666,104.155.17.18,99
1456867996.901895,29.9507839679718,0,4.9999536060530145,4.999907212106029,9,0.04371809959411621,104.155.17.18,100
1456868001.918041,29.934638023376465,0,4.9999536060530145,4.999907212106029,9,0.05988907814025879,104.155.17.18,101
1456868006.955432,29.897247076034546,0,4.9999536060530145,4.999907212106029,9,0.0973360538482666,104.155.17.18,102
1456868011.91027,29.9424090385437,0,4.9999536060530145,4.999907212106029,9,0.0521390438079834,104.155.17.18,103
1456868016.907229,29.94545006752014,0,4.9999536060530145,4.999907212106029,9,0.04915785789489746,104.155.17.18,104
1456868021.905525,29.94715404510498,0,4.9999536060530145,4.999907212106029,9,0.04722094535827637,104.155.17.18,105
1456868026.902288,29.950391054153442,0,4.9999536060530145,4.999907212106029,9,0.04404187202453613,104.155.17.18,106
1456868031.900889,29.95179009437561,0,4.9999536060530145,4.999907212106029,9,0.04277801513671875,104.155.17.18,107
1456868036.891508,29.96117091178894,0,4.9999536060530145,4.999907212106029,9,0.033315181732177734,104.155.17.18,108
1456868041.896607,29.956072092056274,0,4.9999536060530145,4.999907212106029,9,0.03855586051940918,104.155.17.18,109
1456868046.89644,29.956238985061646,0,4.9999536060530145,4.999907212106029,9,0.03839111328125,104.155.17.18,110
1456868051.912514,29.940165042877197,0,4.9999536060530145,4.999907212106029,9,0.05442190170288086,104.155.17.18,111
1456868056.908541,29.944138050079346,0,4.9999536060530145,4.999907212106029,9,0.050427913665771484,104.155.17.18,112
1456868061.902456,29.950222969055176,0,4.9999536060530145,4.999907212106029,9,0.04435396194458008,104.155.17.18,113
1456868066.891036,29.96164298057556,0,4.9999536060530145,4.999907212106029,9,0.03288912773132324,104.155.17.18,114
1456868071.894678,29.958000898361206,0,4.9999536060530145,4.999907212106029,9,0.03657102584838867,104.155.17.18,115
1456868076.876477,29.9762020111084,0,4.9999536060530145,4.999907212106029,9,0.018379926681518555,104.155.17.18,116
1456868081.876346,29.976332902908325,0,4.9999536060530145,4.999907212106029,9,0.018201112747192383,104.155.17.18,117
1456868086.880257,29.972422122955322,0,4.9999536060530145,4.999907212106029,9,0.022111892700195312,104.155.17.18,118
1456868091.870901,29.981777906417847,0,4.9999536060530145,4.999907212106029,9,0.012697219848632812,104.155.17.18,119
